,rows,label
0,"[[ 7.07399964e-01  9.26469088e-01  1.92069379e-07]
 [ 6.13111436e-01  9.19720173e-01 -3.92321050e-02]
 [ 5.39945781e-01  8.40133011e-01 -6.73412308e-02]
 [ 4.88193512e-01  7.54826188e-01 -9.32620242e-02]
 [ 4.39807594e-01  6.89605832e-01 -1.19265549e-01]
 [ 6.01567268e-01  6.66809559e-01 -7.69603625e-02]
 [ 5.96065402e-01  5.21687627e-01 -1.39359131e-01]
 [ 5.99309444e-01  4.31207329e-01 -1.79687083e-01]
 [ 6.06150866e-01  3.55911553e-01 -2.04149187e-01]
 [ 6.71739638e-01  6.70171261e-01 -8.47257525e-02]
 [ 7.00244784e-01  5.86077213e-01 -1.71468616e-01]
 [ 7.02727079e-01  6.74763560e-01 -1.97232336e-01]
 [ 6.96033239e-01  7.57527411e-01 -1.96774960e-01]
 [ 7.33695507e-01  7.02641785e-01 -9.57662314e-02]
 [ 7.61927843e-01  6.52012050e-01 -1.88194260e-01]
 [ 7.59851575e-01  7.29285181e-01 -1.98649615e-01]
 [ 7.48179555e-01  7.87403166e-01 -1.82770684e-01]
 [ 7.79072821e-01  7.49243021e-01 -1.05634585e-01]
 [ 8.07402074e-01  7.26951718e-01 -1.77340806e-01]
 [ 8.12829077e-01  7.82762527e-01 -1.82609141e-01]
 [ 8.07878494e-01  8.17784429e-01 -1.69670030e-01]]",0
1,"[[ 7.02360153e-01  9.38119888e-01  2.04699688e-08]
 [ 6.20719314e-01  9.09589529e-01 -4.79993112e-02]
 [ 5.47113955e-01  8.23473454e-01 -7.44321570e-02]
 [ 4.96207952e-01  7.48491406e-01 -9.87399966e-02]
 [ 4.50193524e-01  6.89738631e-01 -1.21948577e-01]
 [ 6.14404142e-01  6.54166102e-01 -4.95527461e-02]
 [ 6.04309440e-01  5.12910485e-01 -8.85057971e-02]
 [ 6.02516949e-01  4.27184731e-01 -1.11067504e-01]
 [ 6.00554407e-01  3.53247434e-01 -1.26319617e-01]
 [ 6.77734137e-01  6.57809138e-01 -5.17333411e-02]
 [ 7.02386081e-01  5.88201225e-01 -1.26275524e-01]
 [ 7.14939952e-01  6.91383362e-01 -1.44447640e-01]
 [ 7.13324010e-01  7.78010726e-01 -1.36503920e-01]
 [ 7.35267043e-01  6.83329225e-01 -5.86726852e-02]
 [ 7.66379535e-01  6.51466310e-01 -1.29901752e-01]
 [ 7.66120911e-01  7.51779437e-01 -1.22003391e-01]
 [ 7.52692223e-01  8.23311329e-01 -9.59486663e-02]
 [ 7.84952700e-01  7.25201070e-01 -6.87668398e-02]
 [ 8.11436594e-01  7.04789102e-01 -1.16458356e-01]
 [ 8.01879466e-01  7.82003760e-01 -1.07313938e-01]
 [ 7.84172595e-01  8.39685738e-01 -8.69020298e-02]]",0
2,"[[ 6.87916696e-01  9.33084965e-01 -4.83449121e-08]
 [ 6.12647414e-01  8.96904886e-01 -4.32642587e-02]
 [ 5.44295728e-01  8.07810068e-01 -6.74175099e-02]
 [ 4.94351506e-01  7.39875317e-01 -9.08770189e-02]
 [ 4.51757938e-01  6.86594009e-01 -1.13252312e-01]
 [ 6.12542868e-01  6.48238420e-01 -4.05113138e-02]
 [ 6.02251112e-01  5.11869371e-01 -7.41478279e-02]
 [ 5.99979758e-01  4.30626631e-01 -9.31699574e-02]
 [ 5.99220157e-01  3.60591412e-01 -1.06953524e-01]
 [ 6.74642146e-01  6.56667650e-01 -4.39055078e-02]
 [ 6.98326349e-01  5.87938190e-01 -1.13263592e-01]
 [ 7.07620859e-01  6.86393440e-01 -1.31275028e-01]
 [ 7.03306198e-01  7.70233572e-01 -1.24955319e-01]
 [ 7.30124235e-01  6.86396897e-01 -5.18742129e-02]
 [ 7.61831880e-01  6.37585998e-01 -1.20339267e-01]
 [ 7.61943519e-01  7.34037399e-01 -1.14441633e-01]
 [ 7.49022007e-01  8.05648208e-01 -9.08271372e-02]
 [ 7.78063595e-01  7.32994378e-01 -6.24358580e-02]
 [ 8.06415319e-01  6.96007669e-01 -1.09922849e-01]
 [ 7.97727346e-01  7.66333103e-01 -1.03328392e-01]
 [ 7.79604018e-01  8.22481573e-01 -8.56218785e-02]]",0
3,"[[ 6.85904205e-01  9.29345727e-01 -1.73795254e-08]
 [ 6.12900794e-01  8.95254910e-01 -4.54977565e-02]
 [ 5.42716980e-01  8.05574059e-01 -7.13412911e-02]
 [ 4.92468536e-01  7.36684620e-01 -9.56703424e-02]
 [ 4.52258080e-01  6.81763589e-01 -1.18804850e-01]
 [ 6.10278249e-01  6.48031950e-01 -4.72955406e-02]
 [ 6.00331128e-01  5.12125373e-01 -8.37699249e-02]
 [ 5.97886145e-01  4.31476355e-01 -1.04251690e-01]
 [ 5.97098112e-01  3.60644162e-01 -1.18889153e-01]
 [ 6.70520306e-01  6.56732798e-01 -5.00132740e-02]
 [ 6.94544673e-01  5.87364733e-01 -1.20150372e-01]
 [ 7.02519059e-01  6.85487211e-01 -1.38020262e-01]
 [ 6.97223425e-01  7.64789462e-01 -1.32018536e-01]
 [ 7.24628568e-01  6.86434507e-01 -5.73296137e-02]
 [ 7.57086992e-01  6.40043437e-01 -1.25061110e-01]
 [ 7.54514158e-01  7.35032141e-01 -1.17965400e-01]
 [ 7.38314629e-01  8.00620377e-01 -9.44336057e-02]
 [ 7.71122754e-01  7.32558787e-01 -6.76339418e-02]
 [ 8.02272022e-01  6.98651195e-01 -1.14172116e-01]
 [ 7.92516232e-01  7.68021166e-01 -1.06685795e-01]
 [ 7.72060573e-01  8.19240093e-01 -8.89859349e-02]]",0
4,"[[ 6.83977008e-01  9.26804781e-01 -1.42321257e-08]
 [ 6.10036194e-01  8.93379569e-01 -4.50415537e-02]
 [ 5.38747251e-01  8.05708826e-01 -7.05058575e-02]
 [ 4.88446027e-01  7.39178419e-01 -9.44569409e-02]
 [ 4.48086083e-01  6.86836839e-01 -1.17424026e-01]
 [ 6.08124793e-01  6.46663249e-01 -4.71151508e-02]
 [ 5.98777175e-01  5.10758817e-01 -8.23615417e-02]
 [ 5.97003937e-01  4.30332184e-01 -1.02058969e-01]
 [ 5.96564412e-01  3.60308379e-01 -1.16306379e-01]
 [ 6.69306278e-01  6.53839171e-01 -4.97499593e-02]
 [ 6.92464650e-01  5.85733652e-01 -1.18872985e-01]
 [ 7.00489342e-01  6.85033500e-01 -1.35945275e-01]
 [ 6.96067929e-01  7.66910493e-01 -1.29603207e-01]
 [ 7.24232674e-01  6.82960093e-01 -5.69263548e-02]
 [ 7.55365074e-01  6.35571539e-01 -1.25188380e-01]
 [ 7.53650665e-01  7.32003808e-01 -1.18739493e-01]
 [ 7.39502907e-01  8.02279711e-01 -9.55118835e-02]
 [ 7.71808445e-01  7.28562236e-01 -6.69253021e-02]
 [ 8.01206827e-01  6.95643425e-01 -1.16049990e-01]
 [ 7.92265117e-01  7.66847730e-01 -1.10242240e-01]
 [ 7.73689270e-01  8.21630716e-01 -9.31882411e-02]]",0
5,"[[ 6.85606480e-01  9.20924902e-01 -1.12595586e-08]
 [ 6.11155808e-01  8.90884101e-01 -4.51236703e-02]
 [ 5.38021207e-01  8.06293368e-01 -7.09231347e-02]
 [ 4.86667752e-01  7.40958154e-01 -9.50488076e-02]
 [ 4.44380254e-01  6.90122545e-01 -1.18291594e-01]
 [ 6.05612397e-01  6.48437858e-01 -5.02651408e-02]
 [ 5.96978724e-01  5.10117352e-01 -8.54399651e-02]
 [ 5.96198261e-01  4.29497361e-01 -1.04124032e-01]
 [ 5.96360862e-01  3.59146386e-01 -1.17489234e-01]
 [ 6.65874124e-01  6.53615296e-01 -5.23386486e-02]
 [ 6.90292120e-01  5.89606822e-01 -1.21708438e-01]
 [ 7.01516688e-01  6.86777592e-01 -1.38477921e-01]
 [ 6.99222744e-01  7.69174874e-01 -1.31882563e-01]
 [ 7.20258892e-01  6.79690897e-01 -5.87704293e-02]
 [ 7.53320515e-01  6.42033637e-01 -1.26264408e-01]
 [ 7.55091190e-01  7.35137939e-01 -1.20966189e-01]
 [ 7.42672682e-01  8.04512739e-01 -9.88236293e-02]
 [ 7.67421484e-01  7.21908212e-01 -6.80816770e-02]
 [ 7.97327697e-01  6.96349204e-01 -1.16285034e-01]
 [ 7.89563537e-01  7.68724561e-01 -1.11597382e-01]
 [ 7.71316588e-01  8.24843109e-01 -9.56636071e-02]]",0
6,"[[ 6.85759485e-01  9.17696774e-01 -1.36527571e-08]
 [ 6.10007703e-01  8.85828972e-01 -4.40576933e-02]
 [ 5.37888646e-01  8.03413510e-01 -6.87225014e-02]
 [ 4.87394601e-01  7.38300622e-01 -9.19682309e-02]
 [ 4.46644306e-01  6.86712027e-01 -1.14054158e-01]
 [ 6.04451060e-01  6.45105958e-01 -4.52814214e-02]
 [ 5.96785724e-01  5.10793865e-01 -8.01109076e-02]
 [ 5.96683621e-01  4.31182146e-01 -9.90778953e-02]
 [ 5.97150922e-01  3.60845298e-01 -1.12823248e-01]
 [ 6.65022671e-01  6.48738623e-01 -4.81417738e-02]
 [ 6.87322736e-01  5.80772221e-01 -1.17425486e-01]
 [ 6.98124528e-01  6.77864850e-01 -1.34625897e-01]
 [ 6.95807278e-01  7.61398137e-01 -1.27841488e-01]
 [ 7.19644248e-01  6.74262822e-01 -5.55080809e-02]
 [ 7.52257645e-01  6.35209322e-01 -1.22809865e-01]
 [ 7.52444983e-01  7.28202939e-01 -1.17932841e-01]
 [ 7.38906801e-01  7.98282981e-01 -9.56977755e-02]
 [ 7.66842723e-01  7.16594160e-01 -6.58287555e-02]
 [ 7.95867026e-01  6.98239923e-01 -1.13952108e-01]
 [ 7.84954786e-01  7.70554662e-01 -1.10303111e-01]
 [ 7.64376462e-01  8.25887442e-01 -9.49608386e-02]]",0
7,"[[ 6.91323161e-01  9.17342424e-01 -1.53580348e-08]
 [ 6.14232719e-01  8.82569194e-01 -4.37793136e-02]
 [ 5.42520702e-01  7.97427714e-01 -6.76576644e-02]
 [ 4.93348897e-01  7.30706096e-01 -9.00337696e-02]
 [ 4.56774861e-01  6.74972713e-01 -1.10776708e-01]
 [ 6.04465365e-01  6.38832927e-01 -4.17442322e-02]
 [ 5.95921218e-01  5.06664634e-01 -7.64066577e-02]
 [ 5.95334291e-01  4.28578973e-01 -9.61119682e-02]
 [ 5.95617354e-01  3.59651208e-01 -1.09941073e-01]
 [ 6.63864255e-01  6.43087983e-01 -4.39373851e-02]
 [ 6.83919847e-01  5.76079965e-01 -1.11905299e-01]
 [ 6.92624807e-01  6.71626747e-01 -1.29036784e-01]
 [ 6.89200163e-01  7.52475142e-01 -1.22322462e-01]
 [ 7.18619525e-01  6.66406929e-01 -5.08756228e-02]
 [ 7.45177031e-01  6.29463494e-01 -1.16563208e-01]
 [ 7.41866410e-01  7.25472569e-01 -1.10113434e-01]
 [ 7.27997541e-01  7.94630408e-01 -8.67710859e-02]
 [ 7.66535282e-01  7.05458462e-01 -6.08481318e-02]
 [ 7.89101481e-01  6.83170617e-01 -1.06117852e-01]
 [ 7.77677715e-01  7.55896270e-01 -9.96659398e-02]
 [ 7.60177374e-01  8.09772730e-01 -8.23534802e-02]]",0
8,"[[ 6.95505023e-01  9.18718755e-01  5.53997097e-08]
 [ 6.32670999e-01  8.88237476e-01 -5.47824912e-02]
 [ 5.86452961e-01  8.32063317e-01 -8.90274197e-02]
 [ 5.73959470e-01  7.69036531e-01 -1.19876020e-01]
 [ 5.80204070e-01  7.08319962e-01 -1.47506267e-01]
 [ 5.96649706e-01  6.40676916e-01 -5.13836406e-02]
 [ 5.88207603e-01  5.08990884e-01 -9.09725353e-02]
 [ 5.90240002e-01  4.30869132e-01 -1.16651356e-01]
 [ 5.93051732e-01  3.61458033e-01 -1.35159552e-01]
 [ 6.57383502e-01  6.41342044e-01 -4.98792343e-02]
 [ 6.69219315e-01  5.76427341e-01 -1.16787665e-01]
 [ 6.78930044e-01  6.75169170e-01 -1.35163650e-01]
 [ 6.79386616e-01  7.51327693e-01 -1.32032394e-01]
 [ 7.12688386e-01  6.62792921e-01 -5.42047136e-02]
 [ 7.32026815e-01  6.17412090e-01 -1.17425770e-01]
 [ 7.26539075e-01  7.19297409e-01 -1.08423166e-01]
 [ 7.13224828e-01  7.90536642e-01 -8.60951617e-02]
 [ 7.58985341e-01  7.01455414e-01 -6.32305220e-02]
 [ 7.75102496e-01  6.79498076e-01 -1.08244568e-01]
 [ 7.62091041e-01  7.50705302e-01 -1.00917891e-01]
 [ 7.46520340e-01  8.01283062e-01 -8.40844512e-02]]",0
9,"[[ 6.99388564e-01  9.03063774e-01 -1.00870871e-07]
 [ 6.44126534e-01  8.68748426e-01 -4.16552499e-02]
 [ 6.00329757e-01  7.80723989e-01 -6.34667128e-02]
 [ 6.04516327e-01  6.91666782e-01 -8.39745030e-02]
 [ 6.20559156e-01  6.18630588e-01 -1.02174558e-01]
 [ 5.95145583e-01  6.27408028e-01 -3.05615626e-02]
 [ 5.80849349e-01  5.00064850e-01 -6.14163764e-02]
 [ 5.77715337e-01  4.22479510e-01 -7.97627866e-02]
 [ 5.77735186e-01  3.55013907e-01 -9.32541713e-02]
 [ 6.52725995e-01  6.31261826e-01 -3.16323750e-02]
 [ 6.61260724e-01  5.68727851e-01 -9.42184180e-02]
 [ 6.69377446e-01  6.64009869e-01 -1.09291263e-01]
 [ 6.71153843e-01  7.45316267e-01 -1.02682091e-01]
 [ 7.06073999e-01  6.52671516e-01 -3.78133953e-02]
 [ 7.12480485e-01  6.08817577e-01 -9.85167325e-02]
 [ 7.08577156e-01  7.06216812e-01 -9.03560817e-02]
 [ 7.01878011e-01  7.75420427e-01 -6.77485019e-02]
 [ 7.53386974e-01  6.88874304e-01 -4.72907871e-02]
 [ 7.53450632e-01  6.58116281e-01 -9.11235958e-02]
 [ 7.43226051e-01  7.31441617e-01 -8.47643763e-02]
 [ 7.34043956e-01  7.86110520e-01 -6.82942346e-02]]",0
10,"[[ 6.99754536e-01  8.98386717e-01 -1.52442908e-07]
 [ 6.38323665e-01  8.62881720e-01 -3.83914262e-02]
 [ 5.97192228e-01  7.68173575e-01 -5.76996729e-02]
 [ 6.08626604e-01  6.73622906e-01 -7.54441842e-02]
 [ 6.18776679e-01  5.97761989e-01 -9.09080356e-02]
 [ 5.95048308e-01  6.22832119e-01 -2.97396109e-02]
 [ 5.78870296e-01  4.96551037e-01 -6.08596131e-02]
 [ 5.74071705e-01  4.19149160e-01 -7.99911097e-02]
 [ 5.71455956e-01  3.53215635e-01 -9.37923566e-02]
 [ 6.52677000e-01  6.29618645e-01 -3.22458595e-02]
 [ 6.63323998e-01  5.68157852e-01 -9.67495814e-02]
 [ 6.68137193e-01  6.62644327e-01 -1.13537267e-01]
 [ 6.65325463e-01  7.43712306e-01 -1.07365437e-01]
 [ 7.04762518e-01  6.51884735e-01 -3.91970873e-02]
 [ 7.13401735e-01  6.09846234e-01 -1.00048177e-01]
 [ 7.07884252e-01  7.07484961e-01 -9.20141339e-02]
 [ 6.97575748e-01  7.74921954e-01 -6.90834597e-02]
 [ 7.49506593e-01  6.87470436e-01 -4.91247363e-02]
 [ 7.50181377e-01  6.63096964e-01 -9.15292874e-02]
 [ 7.40888476e-01  7.36513674e-01 -8.38708058e-02]
 [ 7.32026160e-01  7.86648571e-01 -6.61895573e-02]]",0
11,"[[ 7.00481474e-01  8.89273405e-01 -1.29220382e-07]
 [ 6.42573595e-01  8.54892433e-01 -4.13897410e-02]
 [ 5.98929524e-01  7.66355515e-01 -6.42432421e-02]
 [ 6.04751885e-01  6.76940441e-01 -8.53498280e-02]
 [ 6.20070577e-01  6.02888763e-01 -1.03850991e-01]
 [ 5.99754989e-01  6.16945267e-01 -3.59123796e-02]
 [ 5.85433245e-01  4.90600169e-01 -7.03192428e-02]
 [ 5.82885087e-01  4.14166391e-01 -9.08126086e-02]
 [ 5.82577229e-01  3.48018438e-01 -1.05307333e-01]
 [ 6.56125307e-01  6.26085937e-01 -3.81425619e-02]
 [ 6.68300629e-01  5.67449689e-01 -1.05200946e-01]
 [ 6.74398422e-01  6.66014910e-01 -1.21201701e-01]
 [ 6.72659159e-01  7.43959665e-01 -1.14301346e-01]
 [ 7.07733870e-01  6.51252210e-01 -4.52130288e-02]
 [ 7.18859315e-01  6.11638665e-01 -1.07715406e-01]
 [ 7.12422550e-01  7.09965825e-01 -9.80428457e-02]
 [ 7.01420844e-01  7.72095263e-01 -7.38501102e-02]
 [ 7.52585649e-01  6.89661860e-01 -5.55483922e-02]
 [ 7.56903052e-01  6.63030267e-01 -9.74208489e-02]
 [ 7.45440543e-01  7.34367967e-01 -8.83439928e-02]
 [ 7.33840585e-01  7.79505074e-01 -6.99184835e-02]]",0
12,"[[ 6.93176329e-01  8.86109591e-01 -6.52694609e-08]
 [ 6.23784602e-01  8.48151088e-01 -3.71452868e-02]
 [ 5.76717138e-01  7.69938886e-01 -5.82011789e-02]
 [ 5.67021787e-01  6.95920527e-01 -7.85942078e-02]
 [ 5.69154322e-01  6.38453007e-01 -9.70918387e-02]
 [ 6.01940393e-01  6.10071123e-01 -3.49071622e-02]
 [ 5.96938014e-01  4.85250473e-01 -6.89930543e-02]
 [ 5.98295569e-01  4.11072552e-01 -8.91978294e-02]
 [ 5.99654317e-01  3.45860660e-01 -1.03215985e-01]
 [ 6.61182821e-01  6.18062019e-01 -3.99471410e-02]
 [ 6.79431200e-01  5.63742995e-01 -1.08270966e-01]
 [ 6.84936881e-01  6.61626339e-01 -1.25471726e-01]
 [ 6.80231810e-01  7.41469264e-01 -1.18527330e-01]
 [ 7.13469088e-01  6.42562032e-01 -4.93051298e-02]
 [ 7.34233737e-01  6.15332842e-01 -1.12150609e-01]
 [ 7.25903630e-01  7.09823549e-01 -1.05891302e-01]
 [ 7.10027993e-01  7.74052441e-01 -8.35402384e-02]
 [ 7.58059621e-01  6.81987286e-01 -6.15833960e-02]
 [ 7.73430526e-01  6.72357321e-01 -1.03892125e-01]
 [ 7.59475768e-01  7.42612302e-01 -9.75280106e-02]
 [ 7.42017210e-01  7.89487243e-01 -8.06379616e-02]]",0
13,"[[ 6.98119938e-01  8.89529705e-01 -7.75146205e-08]
 [ 6.24798417e-01  8.49686444e-01 -3.88582274e-02]
 [ 5.63413084e-01  7.60196805e-01 -5.78763597e-02]
 [ 5.27152240e-01  6.88266158e-01 -7.60831535e-02]
 [ 5.00470519e-01  6.23916090e-01 -9.20507386e-02]
 [ 6.12154484e-01  6.13521099e-01 -3.30514982e-02]
 [ 6.05494261e-01  4.82118487e-01 -6.69592619e-02]
 [ 6.07570171e-01  4.04846758e-01 -8.51971433e-02]
 [ 6.09930813e-01  3.38821143e-01 -9.72845480e-02]
 [ 6.68203354e-01  6.21581018e-01 -3.59661989e-02]
 [ 6.86532915e-01  5.65102994e-01 -1.03716470e-01]
 [ 6.92036986e-01  6.61991477e-01 -1.19615376e-01]
 [ 6.86608434e-01  7.38829732e-01 -1.11937009e-01]
 [ 7.19374657e-01  6.46135628e-01 -4.37706821e-02]
 [ 7.42658675e-01  6.10182703e-01 -1.08891457e-01]
 [ 7.34141827e-01  7.04749823e-01 -1.02481566e-01]
 [ 7.17763186e-01  7.68434286e-01 -7.92748779e-02]
 [ 7.64322102e-01  6.86592817e-01 -5.42480499e-02]
 [ 7.81711459e-01  6.64418757e-01 -9.97674316e-02]
 [ 7.67044365e-01  7.35541880e-01 -9.44960043e-02]
 [ 7.48298824e-01  7.84506798e-01 -7.77323768e-02]]",0
14,"[[ 6.97773516e-01  8.92252088e-01 -6.96417217e-08]
 [ 6.25730157e-01  8.49171519e-01 -3.91451716e-02]
 [ 5.62642932e-01  7.58502007e-01 -5.89569882e-02]
 [ 5.17751336e-01  6.87560797e-01 -7.86017701e-02]
 [ 4.80807543e-01  6.30551577e-01 -9.69921350e-02]
 [ 6.15853548e-01  6.10902727e-01 -3.20649594e-02]
 [ 6.10197067e-01  4.79687572e-01 -6.56704828e-02]
 [ 6.11974478e-01  4.03784573e-01 -8.51756409e-02]
 [ 6.13507748e-01  3.37232202e-01 -9.90572050e-02]
 [ 6.73496127e-01  6.17662430e-01 -3.53441276e-02]
 [ 6.93461478e-01  5.64026475e-01 -1.04871027e-01]
 [ 6.97635412e-01  6.62150502e-01 -1.23481505e-01]
 [ 6.89608037e-01  7.40001500e-01 -1.18132278e-01]
 [ 7.25549638e-01  6.42876625e-01 -4.33395132e-02]
 [ 7.48037934e-01  6.06762826e-01 -1.11664854e-01]
 [ 7.37994254e-01  7.06419766e-01 -1.06407739e-01]
 [ 7.19445348e-01  7.76242435e-01 -8.35725442e-02]
 [ 7.69605935e-01  6.83959842e-01 -5.38162924e-02]
 [ 7.85650969e-01  6.64911330e-01 -1.02902062e-01]
 [ 7.71091640e-01  7.37540960e-01 -9.86968055e-02]
 [ 7.51317143e-01  7.88692713e-01 -8.22668076e-02]]",0
15,"[[ 7.01658607e-01  8.85241508e-01 -7.01938774e-08]
 [ 6.26468778e-01  8.40724170e-01 -3.72697674e-02]
 [ 5.60548365e-01  7.51696289e-01 -5.64835705e-02]
 [ 5.13393760e-01  6.82270885e-01 -7.59830624e-02]
 [ 4.75942016e-01  6.27325952e-01 -9.37962085e-02]
 [ 6.21157765e-01  6.06653750e-01 -3.10329404e-02]
 [ 6.15324080e-01  4.75875914e-01 -6.33833334e-02]
 [ 6.16959095e-01  3.99407625e-01 -8.15153047e-02]
 [ 6.19268060e-01  3.33204120e-01 -9.40552950e-02]
 [ 6.76630020e-01  6.15179420e-01 -3.40764038e-02]
 [ 7.04271793e-01  5.63233912e-01 -1.02178849e-01]
 [ 7.07529545e-01  6.55294359e-01 -1.19654782e-01]
 [ 6.98895395e-01  7.31897831e-01 -1.13344811e-01]
 [ 7.26835608e-01  6.38918757e-01 -4.16896939e-02]
 [ 7.54067183e-01  6.15545332e-01 -1.06000632e-01]
 [ 7.43586540e-01  7.04597533e-01 -1.00936763e-01]
 [ 7.25344777e-01  7.68499255e-01 -7.86683857e-02]
 [ 7.69934416e-01  6.76284611e-01 -5.20017371e-02]
 [ 7.91196823e-01  6.56613767e-01 -9.44065303e-02]
 [ 7.77116001e-01  7.21554697e-01 -8.88618007e-02]
 [ 7.57115901e-01  7.69427896e-01 -7.25530013e-02]]",0
16,"[[ 7.04741001e-01  8.77904058e-01 -9.30094117e-08]
 [ 6.31039321e-01  8.37910295e-01 -3.97783965e-02]
 [ 5.63132405e-01  7.47554719e-01 -6.03342094e-02]
 [ 5.15785635e-01  6.78664982e-01 -8.09052512e-02]
 [ 4.76896286e-01  6.24716401e-01 -1.00086868e-01]
 [ 6.28356695e-01  6.03466809e-01 -3.69947478e-02]
 [ 6.23849452e-01  4.71396923e-01 -7.21849501e-02]
 [ 6.26681566e-01  3.94489676e-01 -9.20590237e-02]
 [ 6.29279792e-01  3.26974481e-01 -1.05305627e-01]
 [ 6.85416877e-01  6.09551728e-01 -3.95566449e-02]
 [ 7.13672876e-01  5.59104741e-01 -1.11266345e-01]
 [ 7.16080189e-01  6.58403516e-01 -1.28742591e-01]
 [ 7.07023323e-01  7.34380186e-01 -1.21581294e-01]
 [ 7.36559629e-01  6.31693542e-01 -4.67828326e-02]
 [ 7.66189039e-01  6.08705044e-01 -1.14520811e-01]
 [ 7.55735159e-01  7.00381279e-01 -1.08233497e-01]
 [ 7.37486362e-01  7.61101842e-01 -8.39951485e-02]
 [ 7.80310154e-01  6.66543782e-01 -5.66948466e-02]
 [ 8.09108496e-01  6.36496902e-01 -1.00042842e-01]
 [ 7.93986797e-01  7.02023029e-01 -9.21432525e-02]
 [ 7.71088719e-01  7.49585092e-01 -7.35798329e-02]]",0
17,"[[ 7.07895100e-01  8.66673827e-01 -6.58532855e-08]
 [ 6.34959042e-01  8.24222445e-01 -3.63872647e-02]
 [ 5.67434967e-01  7.34760046e-01 -5.60646765e-02]
 [ 5.23138046e-01  6.71543956e-01 -7.62968212e-02]
 [ 4.87964272e-01  6.19912922e-01 -9.53238830e-02]
 [ 6.35388911e-01  5.99470913e-01 -3.86170149e-02]
 [ 6.32433832e-01  4.68048483e-01 -7.30772614e-02]
 [ 6.36663675e-01  3.90363425e-01 -9.25376117e-02]
 [ 6.41481280e-01  3.23277771e-01 -1.05514124e-01]
 [ 6.93199515e-01  6.07282519e-01 -4.29662429e-02]
 [ 7.22514927e-01  5.57230592e-01 -1.12661503e-01]
 [ 7.25985229e-01  6.51159763e-01 -1.29701227e-01]
 [ 7.17201173e-01  7.27984607e-01 -1.23067044e-01]
 [ 7.45332837e-01  6.30465448e-01 -5.14417291e-02]
 [ 7.76609004e-01  6.04778945e-01 -1.16693385e-01]
 [ 7.67294586e-01  6.91934586e-01 -1.10633187e-01]
 [ 7.48122394e-01  7.54472792e-01 -8.75053406e-02]
 [ 7.90238857e-01  6.66588783e-01 -6.23515882e-02]
 [ 8.22400212e-01  6.31143987e-01 -1.04526341e-01]
 [ 8.07505667e-01  6.91616595e-01 -9.67981443e-02]
 [ 7.82778561e-01  7.40223348e-01 -7.89295956e-02]]",0
18,"[[ 7.13360906e-01  8.62045467e-01  1.19301302e-09]
 [ 6.49496377e-01  8.18742871e-01 -4.50768098e-02]
 [ 5.98344803e-01  7.28946388e-01 -6.80505112e-02]
 [ 5.64687133e-01  6.56960070e-01 -8.92883167e-02]
 [ 5.36573708e-01  6.03007913e-01 -1.08540639e-01]
 [ 6.38983488e-01  5.89812458e-01 -4.58012708e-02]
 [ 6.37017250e-01  4.60474253e-01 -8.54366943e-02]
 [ 6.45026863e-01  3.84543955e-01 -1.09303392e-01]
 [ 6.51630819e-01  3.16365123e-01 -1.25428692e-01]
 [ 6.98131442e-01  5.99038839e-01 -4.64033335e-02]
 [ 7.24994779e-01  5.47535777e-01 -1.21346384e-01]
 [ 7.30397940e-01  6.49482727e-01 -1.39761493e-01]
 [ 7.22475469e-01  7.24650800e-01 -1.32831186e-01]
 [ 7.49949217e-01  6.25604868e-01 -5.19843772e-02]
 [ 7.79655516e-01  6.00935638e-01 -1.23354740e-01]
 [ 7.69284546e-01  6.96219146e-01 -1.16865121e-01]
 [ 7.48391390e-01  7.57261217e-01 -9.16789174e-02]
 [ 7.91473687e-01  6.64727092e-01 -6.06332496e-02]
 [ 8.24185967e-01  6.34845376e-01 -1.09019622e-01]
 [ 8.08179319e-01  6.97760046e-01 -1.02375537e-01]
 [ 7.82328665e-01  7.42676854e-01 -8.37398469e-02]]",0
19,"[[ 7.10314453e-01  8.60911548e-01  1.59235558e-09]
 [ 6.61154509e-01  8.17594767e-01 -4.11949083e-02]
 [ 6.30381465e-01  7.50496924e-01 -6.94034547e-02]
 [ 6.30664647e-01  6.88376963e-01 -9.76838693e-02]
 [ 6.50037348e-01  6.33658350e-01 -1.24345861e-01]
 [ 6.47234023e-01  5.82841575e-01 -4.10232730e-02]
 [ 6.39153361e-01  4.58695471e-01 -8.08151513e-02]
 [ 6.44206882e-01  3.82691562e-01 -1.07242659e-01]
 [ 6.50778532e-01  3.16331834e-01 -1.25272408e-01]
 [ 6.99654162e-01  5.98438382e-01 -4.54175808e-02]
 [ 7.17391670e-01  5.40006816e-01 -1.14663191e-01]
 [ 7.12303877e-01  6.25068307e-01 -1.37031347e-01]
 [ 7.00014830e-01  6.98877513e-01 -1.35393351e-01]
 [ 7.48472571e-01  6.30166292e-01 -5.43307811e-02]
 [ 7.68360496e-01  6.01388931e-01 -1.18103147e-01]
 [ 7.47042477e-01  6.89421475e-01 -1.15416661e-01]
 [ 7.24418163e-01  7.53619909e-01 -9.61734429e-02]
 [ 7.89903045e-01  6.75266147e-01 -6.64840862e-02]
 [ 8.01830888e-01  6.58983648e-01 -1.08276449e-01]
 [ 7.77341723e-01  7.22123027e-01 -1.02491543e-01]
 [ 7.54235208e-01  7.69059300e-01 -8.67836401e-02]]",0
20,"[[ 7.09119737e-01  8.62427771e-01 -1.05194857e-07]
 [ 6.54753149e-01  8.22839975e-01 -3.94285396e-02]
 [ 6.23166025e-01  7.34737158e-01 -6.32337704e-02]
 [ 6.39102876e-01  6.54355526e-01 -8.58667418e-02]
 [ 6.57604873e-01  5.86107314e-01 -1.06491618e-01]
 [ 6.36671484e-01  5.85873187e-01 -3.95513587e-02]
 [ 6.26452863e-01  4.59995598e-01 -7.49409199e-02]
 [ 6.27952337e-01  3.84082735e-01 -9.69893560e-02]
 [ 6.31985724e-01  3.18419248e-01 -1.12669900e-01]
 [ 6.90531015e-01  6.00766599e-01 -4.21408117e-02]
 [ 7.07520485e-01  5.59795976e-01 -1.08379126e-01]
 [ 6.98609650e-01  6.48528397e-01 -1.26105726e-01]
 [ 6.83633506e-01  7.22098768e-01 -1.21764481e-01]
 [ 7.38495171e-01  6.31544471e-01 -4.89827991e-02]
 [ 7.45159149e-01  6.22934699e-01 -1.09029770e-01]
 [ 7.24193573e-01  7.14354336e-01 -1.00823425e-01]
 [ 7.04509974e-01  7.73416996e-01 -7.91298077e-02]
 [ 7.78387249e-01  6.74221456e-01 -5.93191907e-02]
 [ 7.80492544e-01  6.73272610e-01 -9.97532383e-02]
 [ 7.56152451e-01  7.43244767e-01 -9.24306437e-02]
 [ 7.36374736e-01  7.87598372e-01 -7.59720206e-02]]",0
21,"[[ 7.08921790e-01  8.63311172e-01 -1.86598584e-07]
 [ 6.56872332e-01  8.24044704e-01 -4.07325253e-02]
 [ 6.25385702e-01  7.36370206e-01 -6.41528964e-02]
 [ 6.42963767e-01  6.53362393e-01 -8.57363120e-02]
 [ 6.62131071e-01  5.83637416e-01 -1.05276927e-01]
 [ 6.35860443e-01  5.83516240e-01 -3.95813286e-02]
 [ 6.23460710e-01  4.60372031e-01 -7.55938217e-02]
 [ 6.22178853e-01  3.84628475e-01 -9.72190425e-02]
 [ 6.23390138e-01  3.17989707e-01 -1.12544082e-01]
 [ 6.91729069e-01  5.94119310e-01 -4.14059088e-02]
 [ 7.08308816e-01  5.59960961e-01 -1.08772829e-01]
 [ 7.01727569e-01  6.57913566e-01 -1.25774994e-01]
 [ 6.88355148e-01  7.31885076e-01 -1.20098412e-01]
 [ 7.41156459e-01  6.24371469e-01 -4.77790870e-02]
 [ 7.49660730e-01  6.28789127e-01 -1.09210968e-01]
 [ 7.30942547e-01  7.22688675e-01 -1.01616517e-01]
 [ 7.12818205e-01  7.76261806e-01 -7.98397511e-02]
 [ 7.81322896e-01  6.67887807e-01 -5.75688370e-02]
 [ 7.84156978e-01  6.76213920e-01 -9.82195437e-02]
 [ 7.62914896e-01  7.48990357e-01 -9.10248533e-02]
 [ 7.45916843e-01  7.89145470e-01 -7.45355338e-02]]",0
22,"[[ 7.12787807e-01  8.59881103e-01 -3.55454013e-08]
 [ 6.62360013e-01  8.19303632e-01 -4.27177139e-02]
 [ 6.27822101e-01  7.54268467e-01 -7.06401840e-02]
 [ 6.27681434e-01  6.93563223e-01 -9.72444713e-02]
 [ 6.47846043e-01  6.41801417e-01 -1.21647783e-01]
 [ 6.39747918e-01  5.85028708e-01 -4.47913855e-02]
 [ 6.28018141e-01  4.58946854e-01 -8.30491930e-02]
 [ 6.26824856e-01  3.83569688e-01 -1.05893150e-01]
 [ 6.28543973e-01  3.17936003e-01 -1.21312134e-01]
 [ 6.93553865e-01  5.99425554e-01 -4.71982062e-02]
 [ 7.13399470e-01  5.52333951e-01 -1.15277179e-01]
 [ 7.08660245e-01  6.45484865e-01 -1.33123919e-01]
 [ 6.97168946e-01  7.20235169e-01 -1.27783448e-01]
 [ 7.42003798e-01  6.32140636e-01 -5.41070960e-02]
 [ 7.60589004e-01  6.25727594e-01 -1.15992889e-01]
 [ 7.41447985e-01  7.14123607e-01 -1.10220417e-01]
 [ 7.20718920e-01  7.71237135e-01 -8.91087502e-02]
 [ 7.81198502e-01  6.78627491e-01 -6.44721985e-02]
 [ 7.93749034e-01  6.82833672e-01 -1.03927314e-01]
 [ 7.73199677e-01  7.47416139e-01 -9.66813117e-02]
 [ 7.52802730e-01  7.87412763e-01 -8.00802112e-02]]",0
23,"[[ 7.12737739e-01  8.60524595e-01 -6.34856718e-08]
 [ 6.43608928e-01  8.13275814e-01 -3.41714248e-02]
 [ 5.89629769e-01  7.22073793e-01 -5.09451218e-02]
 [ 5.62535524e-01  6.48640215e-01 -6.74319938e-02]
 [ 5.46470582e-01  5.90185106e-01 -8.24524090e-02]
 [ 6.38565481e-01  5.85492671e-01 -3.47228572e-02]
 [ 6.31111979e-01  4.56492692e-01 -6.95742890e-02]
 [ 6.30970895e-01  3.80617142e-01 -8.86063054e-02]
 [ 6.31907105e-01  3.15174520e-01 -1.01056270e-01]
 [ 6.93495750e-01  5.98430276e-01 -3.99794988e-02]
 [ 7.19718397e-01  5.43297589e-01 -1.10427052e-01]
 [ 7.19587743e-01  6.39310896e-01 -1.27698332e-01]
 [ 7.08890796e-01  7.18278110e-01 -1.19639792e-01]
 [ 7.43482590e-01  6.27748668e-01 -4.90647815e-02]
 [ 7.71166146e-01  6.13459826e-01 -1.15545131e-01]
 [ 7.56314695e-01  7.07266986e-01 -1.10887855e-01]
 [ 7.35021830e-01  7.70164490e-01 -8.79371837e-02]
 [ 7.84065306e-01  6.71293795e-01 -6.03522547e-02]
 [ 8.02711606e-01  6.72114849e-01 -1.04925126e-01]
 [ 7.83331931e-01  7.44515121e-01 -9.93897095e-02]
 [ 7.62567163e-01  7.92834878e-01 -8.22384953e-02]]",0
24,"[[ 7.19132006e-01  8.56570125e-01 -6.78427696e-08]
 [ 6.48425698e-01  8.13752234e-01 -3.92287970e-02]
 [ 5.90366423e-01  7.26743877e-01 -6.01560362e-02]
 [ 5.52177906e-01  6.55464530e-01 -8.03260282e-02]
 [ 5.24581492e-01  5.90616345e-01 -9.85436440e-02]
 [ 6.43588364e-01  5.84856987e-01 -3.70574668e-02]
 [ 6.32128716e-01  4.53646481e-01 -7.34489113e-02]
 [ 6.30567551e-01  3.77819121e-01 -9.34080929e-02]
 [ 6.31381512e-01  3.12814772e-01 -1.06427550e-01]
 [ 6.97377384e-01  5.96803486e-01 -4.02451307e-02]
 [ 7.24452257e-01  5.44209242e-01 -1.12254046e-01]
 [ 7.27001727e-01  6.37153268e-01 -1.30644366e-01]
 [ 7.17332065e-01  7.13440061e-01 -1.23794697e-01]
 [ 7.45517969e-01  6.23869061e-01 -4.79476750e-02]
 [ 7.72279561e-01  6.06073022e-01 -1.16655834e-01]
 [ 7.57623613e-01  6.99074686e-01 -1.12959146e-01]
 [ 7.34708488e-01  7.62279630e-01 -9.07499194e-02]
 [ 7.84847736e-01  6.65001988e-01 -5.82180247e-02]
 [ 8.03973913e-01  6.64978743e-01 -1.06213205e-01]
 [ 7.85632730e-01  7.39325762e-01 -1.02608256e-01]
 [ 7.61790335e-01  7.89930224e-01 -8.65283459e-02]]",0
25,"[[ 7.20613539e-01  8.50511134e-01 -8.13721073e-08]
 [ 6.50256217e-01  8.04892063e-01 -3.79860215e-02]
 [ 5.91414928e-01  7.14962602e-01 -5.67137934e-02]
 [ 5.51563144e-01  6.42696857e-01 -7.47002214e-02]
 [ 5.20437121e-01  5.81912875e-01 -9.09993574e-02]
 [ 6.42071724e-01  5.75259924e-01 -3.26166339e-02]
 [ 6.31977618e-01  4.48481977e-01 -6.54902160e-02]
 [ 6.31297231e-01  3.75000477e-01 -8.38741884e-02]
 [ 6.31289780e-01  3.12306970e-01 -9.64134112e-02]
 [ 6.96000278e-01  5.86090982e-01 -3.53147388e-02]
 [ 7.20009744e-01  5.32476664e-01 -1.03104010e-01]
 [ 7.23983705e-01  6.23809993e-01 -1.20552905e-01]
 [ 7.14725435e-01  7.00026691e-01 -1.14190362e-01]
 [ 7.44241953e-01  6.13523185e-01 -4.24841084e-02]
 [ 7.69515097e-01  5.88762283e-01 -1.08820058e-01]
 [ 7.58853316e-01  6.79885209e-01 -1.05452456e-01]
 [ 7.38664091e-01  7.45169342e-01 -8.41420814e-02]
 [ 7.83509791e-01  6.55375421e-01 -5.20746112e-02]
 [ 8.02140713e-01  6.47655845e-01 -9.94111151e-02]
 [ 7.86161065e-01  7.18871832e-01 -9.66130346e-02]
 [ 7.64360189e-01  7.70324647e-01 -8.15310851e-02]]",0
26,"[[ 7.21923172e-01  8.41113627e-01 -1.19046582e-07]
 [ 6.51842415e-01  7.97665715e-01 -3.76396626e-02]
 [ 5.93634486e-01  7.07025886e-01 -5.57981506e-02]
 [ 5.56945920e-01  6.32723272e-01 -7.32920766e-02]
 [ 5.28373361e-01  5.69364607e-01 -8.84888768e-02]
 [ 6.40505254e-01  5.66948771e-01 -3.01707443e-02]
 [ 6.30817533e-01  4.41530287e-01 -6.09782971e-02]
 [ 6.30384326e-01  3.69842380e-01 -7.73757100e-02]
 [ 6.30077958e-01  3.09069812e-01 -8.86487290e-02]
 [ 6.93896234e-01  5.77359796e-01 -3.27004120e-02]
 [ 7.18055189e-01  5.23507774e-01 -9.77253914e-02]
 [ 7.21221983e-01  6.13356233e-01 -1.13773823e-01]
 [ 7.11886287e-01  6.85947299e-01 -1.07050039e-01]
 [ 7.41473794e-01  6.03141308e-01 -3.99615541e-02]
 [ 7.65882850e-01  5.74330866e-01 -1.03902414e-01]
 [ 7.56517172e-01  6.62749529e-01 -1.00807384e-01]
 [ 7.38965690e-01  7.23911107e-01 -8.04591924e-02]
 [ 7.82707334e-01  6.42206669e-01 -4.96811345e-02]
 [ 7.99402952e-01  6.30824268e-01 -9.57094803e-02]
 [ 7.83608854e-01  6.98399067e-01 -9.41177830e-02]
 [ 7.62994528e-01  7.45881319e-01 -8.04728195e-02]]",0
27,"[[ 7.18705118e-01  8.37668002e-01 -1.18931482e-07]
 [ 6.54346824e-01  7.90235043e-01 -3.67498808e-02]
 [ 6.03954256e-01  6.97916031e-01 -5.48464060e-02]
 [ 5.73160172e-01  6.22533321e-01 -7.23457262e-02]
 [ 5.47736108e-01  5.60497463e-01 -8.77997577e-02]
 [ 6.43892586e-01  5.62478960e-01 -3.19924690e-02]
 [ 6.33899152e-01  4.37921435e-01 -6.41101003e-02]
 [ 6.34678841e-01  3.66910577e-01 -8.17897618e-02]
 [ 6.35666907e-01  3.05532277e-01 -9.38039646e-02]
 [ 6.96838140e-01  5.73402703e-01 -3.56352143e-02]
 [ 7.20886469e-01  5.18454194e-01 -1.02033228e-01]
 [ 7.22825348e-01  6.09118938e-01 -1.18571453e-01]
 [ 7.13167429e-01  6.83562636e-01 -1.11874714e-01]
 [ 7.43960738e-01  6.01023495e-01 -4.37408276e-02]
 [ 7.68214822e-01  5.73687255e-01 -1.08242363e-01]
 [ 7.56218374e-01  6.63296759e-01 -1.04752705e-01]
 [ 7.37210870e-01  7.25186765e-01 -8.39342177e-02]
 [ 7.83839107e-01  6.42508328e-01 -5.42583987e-02]
 [ 8.01129758e-01  6.31652236e-01 -9.96618643e-02]
 [ 7.84659743e-01  6.99588001e-01 -9.66628492e-02]
 [ 7.64360607e-01  7.47401714e-01 -8.20106268e-02]]",0
28,"[[ 7.17674613e-01  8.27675939e-01 -6.48279368e-08]
 [ 6.59978986e-01  7.82509387e-01 -4.04579863e-02]
 [ 6.14610672e-01  6.95919454e-01 -6.27085045e-02]
 [ 5.86712956e-01  6.24744058e-01 -8.38302746e-02]
 [ 5.67075551e-01  5.59417188e-01 -1.02495469e-01]
 [ 6.47534609e-01  5.55417895e-01 -3.78706232e-02]
 [ 6.44625902e-01  4.31956470e-01 -7.46559352e-02]
 [ 6.48101687e-01  3.61051977e-01 -9.53050256e-02]
 [ 6.52882695e-01  2.99603432e-01 -1.08721584e-01]
 [ 7.00973034e-01  5.68602204e-01 -4.09482345e-02]
 [ 7.23631024e-01  5.21882832e-01 -1.12695128e-01]
 [ 7.19198883e-01  6.12684309e-01 -1.31343082e-01]
 [ 7.07674026e-01  6.82461083e-01 -1.24641031e-01]
 [ 7.47676611e-01  5.96721292e-01 -4.87831347e-02]
 [ 7.67607689e-01  5.85149527e-01 -1.15019210e-01]
 [ 7.51423538e-01  6.75572455e-01 -1.09897606e-01]
 [ 7.33339727e-01  7.28644967e-01 -8.73180479e-02]
 [ 7.87003279e-01  6.37166977e-01 -5.95971346e-02]
 [ 7.99765110e-01  6.42329931e-01 -1.02978580e-01]
 [ 7.80186832e-01  7.10836232e-01 -9.76728424e-02]
 [ 7.62577176e-01  7.48836398e-01 -8.11957419e-02]]",0
29,"[[ 7.26217151e-01  8.28959584e-01 -2.27676864e-08]
 [ 6.77735746e-01  7.89527655e-01 -4.48076800e-02]
 [ 6.45322025e-01  7.17157841e-01 -7.27694035e-02]
 [ 6.37175381e-01  6.57232583e-01 -9.92368087e-02]
 [ 6.47588789e-01  6.02267265e-01 -1.23169273e-01]
 [ 6.53730512e-01  5.53399444e-01 -4.21914048e-02]
 [ 6.50779724e-01  4.29543197e-01 -8.23404863e-02]
 [ 6.55453801e-01  3.57300788e-01 -1.06921993e-01]
 [ 6.61908627e-01  2.93786049e-01 -1.23356640e-01]
 [ 7.08086848e-01  5.65248609e-01 -4.39586677e-02]
 [ 7.31590390e-01  5.22815943e-01 -1.14675403e-01]
 [ 7.23392844e-01  6.16227031e-01 -1.33698925e-01]
 [ 7.09379673e-01  6.83158994e-01 -1.28691763e-01]
 [ 7.55640626e-01  5.93586743e-01 -5.09807914e-02]
 [ 7.73455381e-01  5.86004138e-01 -1.15067802e-01]
 [ 7.52867520e-01  6.78787351e-01 -1.07603408e-01]
 [ 7.33287871e-01  7.29083240e-01 -8.48581493e-02]
 [ 7.93713212e-01  6.34517431e-01 -6.17839508e-02]
 [ 8.07628632e-01  6.37421727e-01 -1.02339797e-01]
 [ 7.85940289e-01  7.05283582e-01 -9.38463509e-02]
 [ 7.67519951e-01  7.39724517e-01 -7.60245398e-02]]",0
30,"[[ 7.26326108e-01  8.22208405e-01 -1.65255159e-07]
 [ 6.77940965e-01  7.78377056e-01 -3.86557691e-02]
 [ 6.49752855e-01  6.84687972e-01 -6.01076595e-02]
 [ 6.68578386e-01  6.01465881e-01 -8.03251863e-02]
 [ 6.97613537e-01  5.38767934e-01 -9.88054648e-02]
 [ 6.55546010e-01  5.47164261e-01 -3.43845785e-02]
 [ 6.52485371e-01  4.25443888e-01 -6.81172833e-02]
 [ 6.55946493e-01  3.50880027e-01 -8.87321606e-02]
 [ 6.62278771e-01  2.86967784e-01 -1.03302777e-01]
 [ 7.09647894e-01  5.60857832e-01 -3.53502557e-02]
 [ 7.31813371e-01  5.30802011e-01 -9.97716784e-02]
 [ 7.23253906e-01  6.25593364e-01 -1.15665190e-01]
 [ 7.11325526e-01  6.95909262e-01 -1.09988041e-01]
 [ 7.57880747e-01  5.91052532e-01 -4.08476330e-02]
 [ 7.71582425e-01  5.85073769e-01 -1.00963496e-01]
 [ 7.53256798e-01  6.76493824e-01 -9.29320827e-02]
 [ 7.38517106e-01  7.29507267e-01 -7.09141791e-02]
 [ 7.97648311e-01  6.31854117e-01 -4.94438708e-02]
 [ 8.04642618e-01  6.27697945e-01 -8.95488560e-02]
 [ 7.85217583e-01  6.95608854e-01 -8.22931305e-02]
 [ 7.71573007e-01  7.34583020e-01 -6.56826198e-02]]",0
31,"[[ 7.31331170e-01  8.22182894e-01 -1.93468324e-07]
 [ 6.76371217e-01  7.81521440e-01 -4.05511372e-02]
 [ 6.47218466e-01  6.90472543e-01 -6.33152425e-02]
 [ 6.68315232e-01  6.08882427e-01 -8.44551995e-02]
 [ 6.92235410e-01  5.41336834e-01 -1.03771254e-01]
 [ 6.60869479e-01  5.42838275e-01 -3.79950628e-02]
 [ 6.53647482e-01  4.25346911e-01 -7.41809905e-02]
 [ 6.55428410e-01  3.51768732e-01 -9.73040313e-02]
 [ 6.60691142e-01  2.87317693e-01 -1.13797359e-01]
 [ 7.16654718e-01  5.52135587e-01 -3.90916355e-02]
 [ 7.32438624e-01  5.35868883e-01 -1.02901474e-01]
 [ 7.19878614e-01  6.29415810e-01 -1.19117551e-01]
 [ 7.06309915e-01  6.91498160e-01 -1.14994138e-01]
 [ 7.65119851e-01  5.83226740e-01 -4.51004766e-02]
 [ 7.74633169e-01  5.92463493e-01 -1.04035482e-01]
 [ 7.51867890e-01  6.82251811e-01 -9.58544537e-02]
 [ 7.34635949e-01  7.27976024e-01 -7.52461255e-02]
 [ 8.04286242e-01  6.27367496e-01 -5.47869988e-02]
 [ 8.09942365e-01  6.37102902e-01 -9.43091884e-02]
 [ 7.85640955e-01  7.04828143e-01 -8.72510523e-02]
 [ 7.67963886e-01  7.39426732e-01 -7.14591816e-02]]",0
32,"[[ 7.24638581e-01  8.20066810e-01 -1.29883190e-07]
 [ 6.76233172e-01  7.76805639e-01 -4.14843224e-02]
 [ 6.50176406e-01  6.94073975e-01 -6.59493953e-02]
 [ 6.62902832e-01  6.20502889e-01 -8.86427760e-02]
 [ 6.88931584e-01  5.63091040e-01 -1.09288536e-01]
 [ 6.59919977e-01  5.44721067e-01 -4.28268723e-02]
 [ 6.55211449e-01  4.24748242e-01 -8.05543587e-02]
 [ 6.58358932e-01  3.51768792e-01 -1.03005156e-01]
 [ 6.64312899e-01  2.87738025e-01 -1.18465826e-01]
 [ 7.14834690e-01  5.58181703e-01 -4.39141095e-02]
 [ 7.39025593e-01  5.31495392e-01 -1.11757919e-01]
 [ 7.28150547e-01  6.28502369e-01 -1.28044814e-01]
 [ 7.12326527e-01  6.95787430e-01 -1.22170694e-01]
 [ 7.63101935e-01  5.90836883e-01 -4.96133715e-02]
 [ 7.79919922e-01  5.98930657e-01 -1.11657277e-01]
 [ 7.57040381e-01  6.88362539e-01 -1.04344457e-01]
 [ 7.36746907e-01  7.35260487e-01 -8.27388465e-02]
 [ 8.00661981e-01  6.34998560e-01 -5.87243326e-02]
 [ 8.13466012e-01  6.43245161e-01 -9.88677219e-02]
 [ 7.90843308e-01  7.08852351e-01 -9.18695629e-02]
 [ 7.71871448e-01  7.42614090e-01 -7.56450072e-02]]",0
33,"[[ 7.17450142e-01  8.15775454e-01 -5.42518706e-08]
 [ 6.60100102e-01  7.67013073e-01 -3.79762836e-02]
 [ 6.21572733e-01  6.80998325e-01 -5.92752472e-02]
 [ 6.07151806e-01  6.10882282e-01 -7.93723017e-02]
 [ 6.05564535e-01  5.52376628e-01 -9.75895301e-02]
 [ 6.57460451e-01  5.46895027e-01 -4.21076976e-02]
 [ 6.57478452e-01  4.24520731e-01 -8.05002749e-02]
 [ 6.62565827e-01  3.53267848e-01 -1.02480888e-01]
 [ 6.68464780e-01  2.89866418e-01 -1.16964117e-01]
 [ 7.13104248e-01  5.60876131e-01 -4.56382520e-02]
 [ 7.38321960e-01  5.23177207e-01 -1.16208449e-01]
 [ 7.29944706e-01  6.16719961e-01 -1.33184060e-01]
 [ 7.14785397e-01  6.86720788e-01 -1.26554206e-01]
 [ 7.61059284e-01  5.91099262e-01 -5.34532852e-02]
 [ 7.84115016e-01  5.94537020e-01 -1.18288442e-01]
 [ 7.61517465e-01  6.83588147e-01 -1.11652665e-01]
 [ 7.37173617e-01  7.36329436e-01 -8.91576186e-02]
 [ 7.99119592e-01  6.34070694e-01 -6.42289892e-02]
 [ 8.17580938e-01  6.48084641e-01 -1.07046910e-01]
 [ 7.93021142e-01  7.14046657e-01 -1.01017587e-01]
 [ 7.69276202e-01  7.51820087e-01 -8.46578777e-02]]",0
34,"[[ 7.14152336e-01  8.11543703e-01 -9.87913182e-08]
 [ 6.51901126e-01  7.59507537e-01 -3.56493257e-02]
 [ 6.05721295e-01  6.66042387e-01 -5.45047671e-02]
 [ 5.78479171e-01  5.94708085e-01 -7.28547350e-02]
 [ 5.54956675e-01  5.33241391e-01 -8.94911140e-02]
 [ 6.63620234e-01  5.39796174e-01 -3.67007516e-02]
 [ 6.65335834e-01  4.17153060e-01 -7.28614703e-02]
 [ 6.70337856e-01  3.46130639e-01 -9.27164853e-02]
 [ 6.75560594e-01  2.84056634e-01 -1.05510280e-01]
 [ 7.16266274e-01  5.55664420e-01 -4.03893255e-02]
 [ 7.43606806e-01  5.25302589e-01 -1.09848306e-01]
 [ 7.33421445e-01  6.16208673e-01 -1.27235025e-01]
 [ 7.15642035e-01  6.82856917e-01 -1.20697998e-01]
 [ 7.61267006e-01  5.88011324e-01 -4.82941382e-02]
 [ 7.83486605e-01  5.93353570e-01 -1.11724630e-01]
 [ 7.63247550e-01  6.77829027e-01 -1.06685810e-01]
 [ 7.41595924e-01  7.26366699e-01 -8.52407143e-02]
 [ 7.97576606e-01  6.33614182e-01 -5.89066893e-02]
 [ 8.14987063e-01  6.47368968e-01 -1.00336030e-01]
 [ 7.91406453e-01  7.10093617e-01 -9.56114754e-02]
 [ 7.69104064e-01  7.44822085e-01 -8.01840797e-02]]",0
35,"[[ 7.18714535e-01  8.11212778e-01 -1.01028306e-07]
 [ 6.56037509e-01  7.62069404e-01 -3.94576378e-02]
 [ 6.06264889e-01  6.65646493e-01 -6.00652061e-02]
 [ 5.74740589e-01  5.89258611e-01 -7.93279484e-02]
 [ 5.47887564e-01  5.24445832e-01 -9.64419842e-02]
 [ 6.65369511e-01  5.36604822e-01 -3.69499028e-02]
 [ 6.64789975e-01  4.12700295e-01 -7.01597482e-02]
 [ 6.70709491e-01  3.41114432e-01 -8.81687701e-02]
 [ 6.76738620e-01  2.80345231e-01 -1.00332946e-01]
 [ 7.16927767e-01  5.53658068e-01 -3.85009646e-02]
 [ 7.48355508e-01  5.15875638e-01 -1.05087899e-01]
 [ 7.43029118e-01  6.05824232e-01 -1.21126667e-01]
 [ 7.26483524e-01  6.75892353e-01 -1.14582486e-01]
 [ 7.60890007e-01  5.86278260e-01 -4.46863994e-02]
 [ 7.88217247e-01  5.76729536e-01 -1.08366050e-01]
 [ 7.71282375e-01  6.61744714e-01 -1.03880003e-01]
 [ 7.48436987e-01  7.16832221e-01 -8.31051916e-02]
 [ 7.96841979e-01  6.31746411e-01 -5.35724051e-02]
 [ 8.15409780e-01  6.31915629e-01 -9.76486579e-02]
 [ 7.93730617e-01  6.95917368e-01 -9.43777412e-02]
 [ 7.68233478e-01  7.37749100e-01 -8.01547468e-02]]",0
36,"[[ 7.22753406e-01  8.07132423e-01 -1.19026652e-07]
 [ 6.58697069e-01  7.52448857e-01 -3.74110453e-02]
 [ 6.10368848e-01  6.52693927e-01 -5.60765006e-02]
 [ 5.80620348e-01  5.74885488e-01 -7.38264844e-02]
 [ 5.54975390e-01  5.12631059e-01 -8.95149708e-02]
 [ 6.69199586e-01  5.29317796e-01 -3.37999985e-02]
 [ 6.71373308e-01  4.06870365e-01 -6.57114983e-02]
 [ 6.78519845e-01  3.35372388e-01 -8.33057836e-02]
 [ 6.85155869e-01  2.74666578e-01 -9.52105895e-02]
 [ 7.21001089e-01  5.46056151e-01 -3.56562585e-02]
 [ 7.56259918e-01  5.12175202e-01 -1.01412319e-01]
 [ 7.48633623e-01  6.00279868e-01 -1.17626950e-01]
 [ 7.29157269e-01  6.68916523e-01 -1.11264698e-01]
 [ 7.64666975e-01  5.77806711e-01 -4.19644006e-02]
 [ 7.95569539e-01  5.70638657e-01 -1.04758672e-01]
 [ 7.77527511e-01  6.55758858e-01 -1.00775778e-01]
 [ 7.52808690e-01  7.10352182e-01 -8.03301707e-02]
 [ 7.99679041e-01  6.22212827e-01 -5.08920811e-02]
 [ 8.21006775e-01  6.26610219e-01 -9.39169824e-02]
 [ 7.98860312e-01  6.89455271e-01 -9.10446271e-02]
 [ 7.72005379e-01  7.29400158e-01 -7.71925226e-02]]",0
37,"[[ 7.18991876e-01  7.95324206e-01 -1.02955944e-07]
 [ 6.59432650e-01  7.40040541e-01 -3.63629982e-02]
 [ 6.18408382e-01  6.43910289e-01 -5.53080812e-02]
 [ 5.94874799e-01  5.69623828e-01 -7.36889243e-02]
 [ 5.74163079e-01  5.09054065e-01 -9.02041122e-02]
 [ 6.76050186e-01  5.25452137e-01 -3.70638967e-02]
 [ 6.81730390e-01  4.02592182e-01 -7.11383298e-02]
 [ 6.91482961e-01  3.33311558e-01 -9.00027379e-02]
 [ 6.99419677e-01  2.73069352e-01 -1.02353022e-01]
 [ 7.26952553e-01  5.45921803e-01 -4.00793813e-02]
 [ 7.63255835e-01  5.11881351e-01 -1.07730903e-01]
 [ 7.54894495e-01  6.00296855e-01 -1.24178328e-01]
 [ 7.35685289e-01  6.65427804e-01 -1.17779590e-01]
 [ 7.70021439e-01  5.79852223e-01 -4.71709259e-02]
 [ 8.01704943e-01  5.74506342e-01 -1.10844657e-01]
 [ 7.81151175e-01  6.58817947e-01 -1.05580218e-01]
 [ 7.55029798e-01  7.09249258e-01 -8.40135217e-02]
 [ 8.03501785e-01  6.24579608e-01 -5.67808896e-02]
 [ 8.27123106e-01  6.27815723e-01 -9.89695191e-02]
 [ 8.03594708e-01  6.88928604e-01 -9.36817601e-02]
 [ 7.76198149e-01  7.25587308e-01 -7.79924169e-02]]",0
38,"[[ 7.24575758e-01  7.95584321e-01 -2.87542576e-08]
 [ 6.68409586e-01  7.48036504e-01 -4.13825139e-02]
 [ 6.32765889e-01  6.63252831e-01 -6.55763745e-02]
 [ 6.22969568e-01  5.96134484e-01 -8.78116265e-02]
 [ 6.20535612e-01  5.40779591e-01 -1.07676066e-01]
 [ 6.73833787e-01  5.24751842e-01 -4.40390483e-02]
 [ 6.82505071e-01  4.02646601e-01 -8.12600106e-02]
 [ 6.94502354e-01  3.34072798e-01 -1.02831148e-01]
 [ 7.05410480e-01  2.73662806e-01 -1.17354840e-01]
 [ 7.27979362e-01  5.44633806e-01 -4.65488695e-02]
 [ 7.65651762e-01  5.05635977e-01 -1.15506224e-01]
 [ 7.58120298e-01  6.00490987e-01 -1.31990269e-01]
 [ 7.39890814e-01  6.66906655e-01 -1.25541463e-01]
 [ 7.72163332e-01  5.78379631e-01 -5.36300801e-02]
 [ 8.03187370e-01  5.69236994e-01 -1.17828324e-01]
 [ 7.80830503e-01  6.58426046e-01 -1.10166140e-01]
 [ 7.54282415e-01  7.06527829e-01 -8.74155834e-02]
 [ 8.05020750e-01  6.23235106e-01 -6.37554973e-02]
 [ 8.30828488e-01  6.23597860e-01 -1.06240064e-01]
 [ 8.05977702e-01  6.86885953e-01 -9.84660164e-02]
 [ 7.77932048e-01  7.20920742e-01 -8.12408477e-02]]",0
39,"[[ 7.24232316e-01  7.93590188e-01 -2.42829046e-08]
 [ 6.81876898e-01  7.45978236e-01 -4.15837429e-02]
 [ 6.58751070e-01  6.70841038e-01 -6.92322850e-02]
 [ 6.70386910e-01  6.11030579e-01 -9.58387405e-02]
 [ 6.99941576e-01  5.66470563e-01 -1.20181046e-01]
 [ 6.79430246e-01  5.17788708e-01 -4.59873453e-02]
 [ 6.83036387e-01  3.98324996e-01 -8.67170095e-02]
 [ 6.93490565e-01  3.27836066e-01 -1.11763321e-01]
 [ 7.04972923e-01  2.66641647e-01 -1.28480256e-01]
 [ 7.30125129e-01  5.38376689e-01 -4.87032272e-02]
 [ 7.61926413e-01  5.08779526e-01 -1.20267928e-01]
 [ 7.51159310e-01  6.00349128e-01 -1.39590278e-01]
 [ 7.33043969e-01  6.67462707e-01 -1.35055661e-01]
 [ 7.74388552e-01  5.75412452e-01 -5.58666922e-02]
 [ 7.99127460e-01  5.80355287e-01 -1.20679125e-01]
 [ 7.75715947e-01  6.66135252e-01 -1.15119077e-01]
 [ 7.51662195e-01  7.15066314e-01 -9.37086940e-02]
 [ 8.09003472e-01  6.22977853e-01 -6.64237514e-02]
 [ 8.33300054e-01  6.28761709e-01 -1.08544186e-01]
 [ 8.07828784e-01  6.88356400e-01 -1.02243334e-01]
 [ 7.81021714e-01  7.21582115e-01 -8.59136507e-02]]",0
40,"[[ 7.29348898e-01  7.98808336e-01 -1.26581298e-07]
 [ 6.79159760e-01  7.53040314e-01 -4.23963070e-02]
 [ 6.57619238e-01  6.64122283e-01 -6.65279627e-02]
 [ 6.87159240e-01  5.90060592e-01 -8.83449093e-02]
 [ 7.15729594e-01  5.29342055e-01 -1.07736856e-01]
 [ 6.74384654e-01  5.26921809e-01 -4.19968665e-02]
 [ 6.71401083e-01  4.08076257e-01 -8.07663947e-02]
 [ 6.77937865e-01  3.35388958e-01 -1.04894549e-01]
 [ 6.86863601e-01  2.73327023e-01 -1.21588871e-01]
 [ 7.27849722e-01  5.42887270e-01 -4.24105711e-02]
 [ 7.57659018e-01  5.13835251e-01 -1.11044019e-01]
 [ 7.47007489e-01  6.07447088e-01 -1.27813756e-01]
 [ 7.29317546e-01  6.74218893e-01 -1.22245364e-01]
 [ 7.73542404e-01  5.75621963e-01 -4.79688905e-02]
 [ 7.92452931e-01  5.78580976e-01 -1.09648474e-01]
 [ 7.69916892e-01  6.64080024e-01 -1.01954214e-01]
 [ 7.49374747e-01  7.10758686e-01 -8.03848356e-02]
 [ 8.09354305e-01  6.19324028e-01 -5.74364401e-02]
 [ 8.22165489e-01  6.31011188e-01 -9.91763398e-02]
 [ 7.96428502e-01  6.92679703e-01 -9.46601480e-02]
 [ 7.74696767e-01  7.23525405e-01 -8.03587362e-02]]",0
41,"[[ 7.35588670e-01  8.02623391e-01 -1.34022770e-07]
 [ 6.86699986e-01  7.57921278e-01 -4.17832881e-02]
 [ 6.68268383e-01  6.65744901e-01 -6.41073510e-02]
 [ 6.98119044e-01  5.86322665e-01 -8.45011845e-02]
 [ 7.26044416e-01  5.22452891e-01 -1.02796026e-01]
 [ 6.78330600e-01  5.31044662e-01 -3.87617946e-02]
 [ 6.73979998e-01  4.10640508e-01 -7.81581476e-02]
 [ 6.78817451e-01  3.36686581e-01 -1.02724917e-01]
 [ 6.85762584e-01  2.72619605e-01 -1.19590797e-01]
 [ 7.34561265e-01  5.46664476e-01 -3.99289243e-02]
 [ 7.60969698e-01  5.13021886e-01 -1.11713089e-01]
 [ 7.50794053e-01  6.06199563e-01 -1.31146178e-01]
 [ 7.34138191e-01  6.73085451e-01 -1.26058966e-01]
 [ 7.82437801e-01  5.80098450e-01 -4.60180268e-02]
 [ 7.96310008e-01  5.84801972e-01 -1.11707941e-01]
 [ 7.72761464e-01  6.75450981e-01 -1.04977570e-01]
 [ 7.51852989e-01  7.23462224e-01 -8.22219029e-02]
 [ 8.17815244e-01  6.24564886e-01 -5.56750633e-02]
 [ 8.27612579e-01  6.36457980e-01 -9.94182825e-02]
 [ 8.00434411e-01  7.00736403e-01 -9.39652324e-02]
 [ 7.77329803e-01  7.32936442e-01 -7.79427886e-02]]",0
42,"[[ 7.34158337e-01  8.01722467e-01 -1.08948775e-07]
 [ 6.85146749e-01  7.56370485e-01 -4.37891409e-02]
 [ 6.64342880e-01  6.66912794e-01 -6.87208399e-02]
 [ 6.93785846e-01  5.90035379e-01 -9.10243168e-02]
 [ 7.26053953e-01  5.28097212e-01 -1.10854059e-01]
 [ 6.77980959e-01  5.27020097e-01 -4.23063375e-02]
 [ 6.76975131e-01  4.09523040e-01 -8.21229592e-02]
 [ 6.81993544e-01  3.37046921e-01 -1.06840678e-01]
 [ 6.89775825e-01  2.74502873e-01 -1.24062203e-01]
 [ 7.35274315e-01  5.43177724e-01 -4.30203341e-02]
 [ 7.64584482e-01  5.14447689e-01 -1.13735013e-01]
 [ 7.50477672e-01  6.09526575e-01 -1.31532311e-01]
 [ 7.31997907e-01  6.76072180e-01 -1.26039773e-01]
 [ 7.83931017e-01  5.78455389e-01 -4.89533991e-02]
 [ 8.01450372e-01  5.84886074e-01 -1.12861007e-01]
 [ 7.75020480e-01  6.72991514e-01 -1.05030991e-01]
 [ 7.53300428e-01  7.17241526e-01 -8.27418566e-02]
 [ 8.21416855e-01  6.25117004e-01 -5.87134585e-02]
 [ 8.32968295e-01  6.39870703e-01 -1.01156525e-01]
 [ 8.04399371e-01  7.03223586e-01 -9.54620913e-02]
 [ 7.81348467e-01  7.32355893e-01 -7.99843222e-02]]",0
43,"[[ 7.35693216e-01  7.98212826e-01 -2.16938076e-08]
 [ 6.87676668e-01  7.58629203e-01 -4.32596281e-02]
 [ 6.57213926e-01  6.92062020e-01 -7.13604242e-02]
 [ 6.55648887e-01  6.40553474e-01 -9.72526968e-02]
 [ 6.68210328e-01  5.96184790e-01 -1.20732874e-01]
 [ 6.83380961e-01  5.33214152e-01 -5.38874008e-02]
 [ 6.83625281e-01  4.10093516e-01 -9.80719924e-02]
 [ 6.90067947e-01  3.38340461e-01 -1.23283543e-01]
 [ 6.99133635e-01  2.73343325e-01 -1.40011951e-01]
 [ 7.39089012e-01  5.44116616e-01 -5.56215420e-02]
 [ 7.75869191e-01  5.18076599e-01 -1.27802327e-01]
 [ 7.64858186e-01  6.14688039e-01 -1.44316107e-01]
 [ 7.47979760e-01  6.73834085e-01 -1.38479918e-01]
 [ 7.86542177e-01  5.75864136e-01 -6.21794201e-02]
 [ 8.15602481e-01  5.97601652e-01 -1.25981510e-01]
 [ 7.90379822e-01  6.81237102e-01 -1.18538722e-01]
 [ 7.66802907e-01  7.15342402e-01 -9.75276083e-02]
 [ 8.23251963e-01  6.21135652e-01 -7.25820288e-02]
 [ 8.47749293e-01  6.52977347e-01 -1.13678783e-01]
 [ 8.19393992e-01  7.11148083e-01 -1.08178742e-01]
 [ 7.91567624e-01  7.31888771e-01 -9.36962813e-02]]",0
44,"[[ 7.36446083e-01  8.02919805e-01 -7.58848628e-08]
 [ 6.73671663e-01  7.54962921e-01 -3.58096510e-02]
 [ 6.27883196e-01  6.57670140e-01 -5.43568395e-02]
 [ 6.07596815e-01  5.83438754e-01 -7.20148683e-02]
 [ 5.90015471e-01  5.24028957e-01 -8.76223445e-02]
 [ 6.89291656e-01  5.32452464e-01 -4.08504866e-02]
 [ 6.91292644e-01  4.06283617e-01 -7.95919448e-02]
 [ 6.98617518e-01  3.34221721e-01 -1.00512043e-01]
 [ 7.07083106e-01  2.71439493e-01 -1.13934666e-01]
 [ 7.42102444e-01  5.49267530e-01 -4.50290032e-02]
 [ 7.80219495e-01  5.17271042e-01 -1.16229519e-01]
 [ 7.68963993e-01  6.13664687e-01 -1.32168576e-01]
 [ 7.50368655e-01  6.78533256e-01 -1.24503329e-01]
 [ 7.88401306e-01  5.83049893e-01 -5.35216667e-02]
 [ 8.20834219e-01  5.94388068e-01 -1.17556654e-01]
 [ 7.96679139e-01  6.80254340e-01 -1.10275246e-01]
 [ 7.71691263e-01  7.21985817e-01 -8.75783339e-02]
 [ 8.25588942e-01  6.30212724e-01 -6.49222583e-02]
 [ 8.53395939e-01  6.48575783e-01 -1.05002314e-01]
 [ 8.24955463e-01  7.09332585e-01 -9.85124260e-02]
 [ 7.96368003e-01  7.36930668e-01 -8.25814158e-02]]",0
45,"[[ 7.31968641e-01  8.01617205e-01 -9.15873102e-08]
 [ 6.71288252e-01  7.53747523e-01 -4.10365425e-02]
 [ 6.21005237e-01  6.58181846e-01 -6.44491389e-02]
 [ 5.90739131e-01  5.84009588e-01 -8.64313170e-02]
 [ 5.64161181e-01  5.21257281e-01 -1.06680334e-01]
 [ 6.92315638e-01  5.30829191e-01 -4.76932526e-02]
 [ 6.95899546e-01  4.03832853e-01 -8.72779638e-02]
 [ 7.03906119e-01  3.32499295e-01 -1.09305941e-01]
 [ 7.13873804e-01  2.68559396e-01 -1.23874426e-01]
 [ 7.44347334e-01  5.50003052e-01 -5.03388718e-02]
 [ 7.84311473e-01  5.18701136e-01 -1.22402102e-01]
 [ 7.71752715e-01  6.18457019e-01 -1.38534486e-01]
 [ 7.51567662e-01  6.80862069e-01 -1.31900907e-01]
 [ 7.88397431e-01  5.85860789e-01 -5.75265028e-02]
 [ 8.23751211e-01  5.81106603e-01 -1.24654263e-01]
 [ 7.99911737e-01  6.69198036e-01 -1.16590500e-01]
 [ 7.73900270e-01  7.11920440e-01 -9.32489336e-02]
 [ 8.23583961e-01  6.34180069e-01 -6.75880089e-02]
 [ 8.56319964e-01  6.29978180e-01 -1.11047596e-01]
 [ 8.30895424e-01  6.90671206e-01 -1.03327259e-01]
 [ 8.01303685e-01  7.21225321e-01 -8.61796141e-02]]",0
46,"[[ 7.37492323e-01  8.04431677e-01 -1.21764700e-07]
 [ 6.74511552e-01  7.58793354e-01 -4.34383005e-02]
 [ 6.20377123e-01  6.63686752e-01 -6.76792786e-02]
 [ 5.83621144e-01  5.88303745e-01 -8.96434039e-02]
 [ 5.54195046e-01  5.25762379e-01 -1.09613195e-01]
 [ 6.92416906e-01  5.29172778e-01 -4.68863249e-02]
 [ 6.95649445e-01  4.03251499e-01 -8.45794380e-02]
 [ 7.04779685e-01  3.31603974e-01 -1.06011443e-01]
 [ 7.15381145e-01  2.68653721e-01 -1.20457731e-01]
 [ 7.44079471e-01  5.47220469e-01 -4.71744649e-02]
 [ 7.83646643e-01  5.24436295e-01 -1.15524381e-01]
 [ 7.70138979e-01  6.24583900e-01 -1.30421713e-01]
 [ 7.49311566e-01  6.83713973e-01 -1.24009341e-01]
 [ 7.88093328e-01  5.82685590e-01 -5.23331612e-02]
 [ 8.22699845e-01  5.82394898e-01 -1.16874807e-01]
 [ 7.98189700e-01  6.68675244e-01 -1.08453102e-01]
 [ 7.72954464e-01  7.06584692e-01 -8.58884528e-02]
 [ 8.22424293e-01  6.30055249e-01 -6.05790950e-02]
 [ 8.54047716e-01  6.27954781e-01 -1.02607027e-01]
 [ 8.27990055e-01  6.89084172e-01 -9.45709124e-02]
 [ 7.99824178e-01  7.16898799e-01 -7.77497292e-02]]",0
47,"[[ 7.35255599e-01  8.04421246e-01 -1.25401399e-07]
 [ 6.74041390e-01  7.53504872e-01 -4.21721265e-02]
 [ 6.20550871e-01  6.60042048e-01 -6.51908666e-02]
 [ 5.82976282e-01  5.84521592e-01 -8.66410136e-02]
 [ 5.51709533e-01  5.26256561e-01 -1.06248051e-01]
 [ 6.93404496e-01  5.30654073e-01 -4.28783298e-02]
 [ 6.96372569e-01  4.05421913e-01 -8.01910236e-02]
 [ 7.05223024e-01  3.34336340e-01 -1.01933300e-01]
 [ 7.16031253e-01  2.70860821e-01 -1.16652206e-01]
 [ 7.44833887e-01  5.48828065e-01 -4.34277505e-02]
 [ 7.84627676e-01  5.22332072e-01 -1.12331457e-01]
 [ 7.68817365e-01  6.21186674e-01 -1.28075346e-01]
 [ 7.47373879e-01  6.81653380e-01 -1.22007929e-01]
 [ 7.88882613e-01  5.83617210e-01 -4.89127412e-02]
 [ 8.23824584e-01  5.80219805e-01 -1.13013968e-01]
 [ 7.97689736e-01  6.65115416e-01 -1.05429672e-01]
 [ 7.72642970e-01  7.05126941e-01 -8.31119791e-02]
 [ 8.22598100e-01  6.29874229e-01 -5.75141795e-02]
 [ 8.54827702e-01  6.26328528e-01 -9.79939550e-02]
 [ 8.27272534e-01  6.84294701e-01 -9.04291123e-02]
 [ 7.99678385e-01  7.11792648e-01 -7.41104782e-02]]",0
48,"[[ 7.36287415e-01  7.97262728e-01 -4.72991815e-08]
 [ 6.78681970e-01  7.45870173e-01 -4.03733663e-02]
 [ 6.33563876e-01  6.54027462e-01 -6.20068051e-02]
 [ 5.96827209e-01  5.80704629e-01 -8.18855762e-02]
 [ 5.59947729e-01  5.32438278e-01 -1.00027867e-01]
 [ 6.85829759e-01  5.29718101e-01 -4.26308028e-02]
 [ 6.90601349e-01  4.02495205e-01 -7.85503909e-02]
 [ 7.04625130e-01  3.31483603e-01 -9.87666771e-02]
 [ 7.16827214e-01  2.68940508e-01 -1.12399556e-01]
 [ 7.37387180e-01  5.47302663e-01 -4.26509269e-02]
 [ 7.79389024e-01  5.18536806e-01 -1.06363028e-01]
 [ 7.71357656e-01  6.16182089e-01 -1.18382178e-01]
 [ 7.52998114e-01  6.72573864e-01 -1.10894367e-01]
 [ 7.81214178e-01  5.79532087e-01 -4.74943072e-02]
 [ 8.18045378e-01  5.72844565e-01 -1.07422456e-01]
 [ 7.97015429e-01  6.56620562e-01 -9.73562747e-02]
 [ 7.72360444e-01  6.93665564e-01 -7.46104568e-02]
 [ 8.13891172e-01  6.21299744e-01 -5.53693660e-02]
 [ 8.47860456e-01  6.17706895e-01 -9.33826640e-02]
 [ 8.26360643e-01  6.73219919e-01 -8.40949640e-02]
 [ 8.00724745e-01  6.97267294e-01 -6.71830326e-02]]",0
49,"[[ 7.42802680e-01  7.94562936e-01 -8.52892441e-08]
 [ 6.95559621e-01  7.49921739e-01 -4.13656682e-02]
 [ 6.70699000e-01  6.66960061e-01 -6.63508773e-02]
 [ 6.91771030e-01  6.04710221e-01 -8.98987353e-02]
 [ 7.22979486e-01  5.58943152e-01 -1.10909984e-01]
 [ 6.85606837e-01  5.23713171e-01 -4.30892147e-02]
 [ 6.86275065e-01  4.01248038e-01 -7.93946385e-02]
 [ 6.96998537e-01  3.31490457e-01 -1.02269761e-01]
 [ 7.08398223e-01  2.71928340e-01 -1.18137874e-01]
 [ 7.36645758e-01  5.41708827e-01 -4.38446030e-02]
 [ 7.75440574e-01  5.06696105e-01 -1.07031345e-01]
 [ 7.66149163e-01  5.98337591e-01 -1.22579038e-01]
 [ 7.46165812e-01  6.61791980e-01 -1.18055843e-01]
 [ 7.81453133e-01  5.73978662e-01 -4.93359715e-02]
 [ 8.07154417e-01  5.52572131e-01 -1.06831089e-01]
 [ 7.88228869e-01  6.36331797e-01 -9.86142159e-02]
 [ 7.65969753e-01  6.84033275e-01 -7.79866874e-02]
 [ 8.17395687e-01  6.15183234e-01 -5.83651587e-02]
 [ 8.40696454e-01  5.99427223e-01 -9.69962403e-02]
 [ 8.19386661e-01  6.55201018e-01 -8.94370601e-02]
 [ 7.95100451e-01  6.88691914e-01 -7.36500174e-02]]",0
50,"[[ 7.33676255e-01  8.02203238e-01 -1.02068142e-07]
 [ 6.86955452e-01  7.50024021e-01 -4.07174453e-02]
 [ 6.66918814e-01  6.58616066e-01 -6.46531954e-02]
 [ 6.95425212e-01  5.82566977e-01 -8.72963518e-02]
 [ 7.22150624e-01  5.18057406e-01 -1.08028032e-01]
 [ 6.80942297e-01  5.27441919e-01 -3.84074599e-02]
 [ 6.76541328e-01  4.08255577e-01 -7.76764899e-02]
 [ 6.81008160e-01  3.35046679e-01 -1.02598377e-01]
 [ 6.89084530e-01  2.71353871e-01 -1.19842067e-01]
 [ 7.33724773e-01  5.46918750e-01 -4.11160402e-02]
 [ 7.62926400e-01  5.01804948e-01 -1.08068451e-01]
 [ 7.47860551e-01  5.94838142e-01 -1.24219142e-01]
 [ 7.31241286e-01  6.56560361e-01 -1.18860699e-01]
 [ 7.80260742e-01  5.83918035e-01 -4.91915159e-02]
 [ 8.01326871e-01  5.58402836e-01 -1.09221354e-01]
 [ 7.75904179e-01  6.43538594e-01 -9.92949679e-02]
 [ 7.57515252e-01  6.85740113e-01 -7.69545063e-02]
 [ 8.18630993e-01  6.32366419e-01 -6.10825568e-02]
 [ 8.32743585e-01  6.16184771e-01 -1.00114167e-01]
 [ 8.04980159e-01  6.73362494e-01 -9.16090906e-02]
 [ 7.84067452e-01  7.02074051e-01 -7.51269907e-02]]",0
51,"[[ 7.35430598e-01  7.96666622e-01 -1.14202479e-07]
 [ 6.88473403e-01  7.50121415e-01 -4.18540873e-02]
 [ 6.65286064e-01  6.59665763e-01 -6.69586137e-02]
 [ 6.93788767e-01  5.85507631e-01 -9.00620893e-02]
 [ 7.23778129e-01  5.22947371e-01 -1.11163832e-01]
 [ 6.80790007e-01  5.25319338e-01 -4.36396711e-02]
 [ 6.76798701e-01  4.06228840e-01 -8.27293620e-02]
 [ 6.80565119e-01  3.34545314e-01 -1.07008673e-01]
 [ 6.88454390e-01  2.70774931e-01 -1.24127366e-01]
 [ 7.34356761e-01  5.42783856e-01 -4.56351042e-02]
 [ 7.63398528e-01  5.02892196e-01 -1.11380406e-01]
 [ 7.46815741e-01  5.97018480e-01 -1.26320347e-01]
 [ 7.29440212e-01  6.55830741e-01 -1.20848954e-01]
 [ 7.81167507e-01  5.78694224e-01 -5.26405498e-02]
 [ 8.01658034e-01  5.60339987e-01 -1.12006322e-01]
 [ 7.74262786e-01  6.46271110e-01 -1.00773282e-01]
 [ 7.55033612e-01  6.85820460e-01 -7.83098266e-02]
 [ 8.19815397e-01  6.26025081e-01 -6.34402633e-02]
 [ 8.32921267e-01  6.15928590e-01 -1.02425292e-01]
 [ 8.04832339e-01  6.76022172e-01 -9.29850638e-02]
 [ 7.84243584e-01  7.03483820e-01 -7.61780143e-02]]",0
52,"[[ 7.39315271e-01  7.89070010e-01 -2.92836919e-08]
 [ 6.90472543e-01  7.51722991e-01 -4.46745753e-02]
 [ 6.61313415e-01  6.80446208e-01 -7.35567361e-02]
 [ 6.69759035e-01  6.20339930e-01 -9.99418050e-02]
 [ 6.95211947e-01  5.74965000e-01 -1.23906165e-01]
 [ 6.79846406e-01  5.28062642e-01 -5.07981852e-02]
 [ 6.78153753e-01  4.03449178e-01 -9.30115506e-02]
 [ 6.87227249e-01  3.31700116e-01 -1.19077161e-01]
 [ 6.97760463e-01  2.70511806e-01 -1.36284605e-01]
 [ 7.31126249e-01  5.43663204e-01 -5.06690145e-02]
 [ 7.68863738e-01  5.11203408e-01 -1.18460886e-01]
 [ 7.59641349e-01  6.10325754e-01 -1.34444803e-01]
 [ 7.40417063e-01  6.69349790e-01 -1.29900455e-01]
 [ 7.76363552e-01  5.74076056e-01 -5.55109717e-02]
 [ 8.07463050e-01  5.60103714e-01 -1.18430369e-01]
 [ 7.86774099e-01  6.49826527e-01 -1.09180510e-01]
 [ 7.62407243e-01  6.91969991e-01 -8.72550458e-02]
 [ 8.12367141e-01  6.15137875e-01 -6.37870282e-02]
 [ 8.40724289e-01  6.06275558e-01 -1.05354957e-01]
 [ 8.19638193e-01  6.67339325e-01 -9.63401198e-02]
 [ 7.93379664e-01  6.97156787e-01 -7.90904239e-02]]",0
53,"[[ 7.34228909e-01  7.95894027e-01 -1.11722166e-07]
 [ 6.71838403e-01  7.44687498e-01 -3.44983265e-02]
 [ 6.29438043e-01  6.49700463e-01 -5.20724319e-02]
 [ 6.12384856e-01  5.72374523e-01 -6.89790919e-02]
 [ 5.96221805e-01  5.15868008e-01 -8.41565430e-02]
 [ 6.86615586e-01  5.26052415e-01 -3.76099125e-02]
 [ 6.91419661e-01  4.00275886e-01 -7.57088363e-02]
 [ 7.00296938e-01  3.29798639e-01 -9.74405333e-02]
 [ 7.09381044e-01  2.66595572e-01 -1.11840092e-01]
 [ 7.37662256e-01  5.45606852e-01 -4.18780968e-02]
 [ 7.72752523e-01  5.13808608e-01 -1.10335894e-01]
 [ 7.58365393e-01  6.13490999e-01 -1.25440210e-01]
 [ 7.39957273e-01  6.71606064e-01 -1.19032696e-01]
 [ 7.82538950e-01  5.78593493e-01 -5.05751297e-02]
 [ 8.13824296e-01  5.73454201e-01 -1.11955956e-01]
 [ 7.87103236e-01  6.61773682e-01 -1.02143899e-01]
 [ 7.63781726e-01  6.98239326e-01 -7.93837234e-02]
 [ 8.18177521e-01  6.22830451e-01 -6.21927530e-02]
 [ 8.44122171e-01  6.25922859e-01 -1.00640923e-01]
 [ 8.15901995e-01  6.87438726e-01 -9.17010903e-02]
 [ 7.91515887e-01  7.11213648e-01 -7.47371987e-02]]",0
54,"[[ 7.34855175e-01  7.99432218e-01 -1.21869704e-07]
 [ 6.73808694e-01  7.51299024e-01 -4.12687920e-02]
 [ 6.26782715e-01  6.56210601e-01 -6.26821965e-02]
 [ 6.01724148e-01  5.78526497e-01 -8.21313635e-02]
 [ 5.77095628e-01  5.14569819e-01 -9.92285609e-02]
 [ 6.85861051e-01  5.29565811e-01 -4.28478830e-02]
 [ 6.89588726e-01  4.03612256e-01 -7.95357153e-02]
 [ 6.99708700e-01  3.32859874e-01 -9.96483266e-02]
 [ 7.10580230e-01  2.70381927e-01 -1.12895079e-01]
 [ 7.36424267e-01  5.47287285e-01 -4.29937318e-02]
 [ 7.76470304e-01  5.19833446e-01 -1.09655797e-01]
 [ 7.65230238e-01  6.16874158e-01 -1.23800993e-01]
 [ 7.46188879e-01  6.76527619e-01 -1.17032215e-01]
 [ 7.79718757e-01  5.79330802e-01 -4.81035821e-02]
 [ 8.13935101e-01  5.74226975e-01 -1.09475248e-01]
 [ 7.90736735e-01  6.58168435e-01 -1.01155661e-01]
 [ 7.67212093e-01  6.96635962e-01 -7.94574246e-02]
 [ 8.14994633e-01  6.23118639e-01 -5.64156510e-02]
 [ 8.42530191e-01  6.22222304e-01 -9.60276052e-02]
 [ 8.17704797e-01  6.81367815e-01 -8.92107114e-02]
 [ 7.92133570e-01  7.08474934e-01 -7.38307387e-02]]",0
55,"[[ 7.33691216e-01  7.99520433e-01 -1.22526586e-07]
 [ 6.74387038e-01  7.51094460e-01 -4.38505709e-02]
 [ 6.28011405e-01  6.58344746e-01 -6.69397265e-02]
 [ 6.00045860e-01  5.83332002e-01 -8.76308456e-02]
 [ 5.76424360e-01  5.16808033e-01 -1.05869144e-01]
 [ 6.85027659e-01  5.28715670e-01 -4.59070541e-02]
 [ 6.87557220e-01  4.03547436e-01 -8.34129974e-02]
 [ 6.96753144e-01  3.33348989e-01 -1.03735894e-01]
 [ 7.06483126e-01  2.71352470e-01 -1.17019825e-01]
 [ 7.36463964e-01  5.47325492e-01 -4.53450195e-02]
 [ 7.74439275e-01  5.18276930e-01 -1.12885460e-01]
 [ 7.61774242e-01  6.16370440e-01 -1.26719892e-01]
 [ 7.42174506e-01  6.76094294e-01 -1.19593896e-01]
 [ 7.80073106e-01  5.80702186e-01 -5.00710644e-02]
 [ 8.11233044e-01  5.74064314e-01 -1.13622069e-01]
 [ 7.87391841e-01  6.59591794e-01 -1.05426945e-01]
 [ 7.64365137e-01  6.97809100e-01 -8.32540467e-02]
 [ 8.15922678e-01  6.25323772e-01 -5.79876266e-02]
 [ 8.41099143e-01  6.21708930e-01 -9.95709226e-02]
 [ 8.16033661e-01  6.82081580e-01 -9.27691460e-02]
 [ 7.90629566e-01  7.10412145e-01 -7.70220682e-02]]",0
56,"[[ 7.37432539e-01  7.99033701e-01 -1.30110436e-07]
 [ 6.76320612e-01  7.50599444e-01 -3.87637429e-02]
 [ 6.32321954e-01  6.57169223e-01 -5.91988713e-02]
 [ 6.08298838e-01  5.81174612e-01 -7.79890195e-02]
 [ 5.87586761e-01  5.16164541e-01 -9.42299515e-02]
 [ 6.81751490e-01  5.30660331e-01 -4.11183424e-02]
 [ 6.84329093e-01  4.03107166e-01 -7.73013011e-02]
 [ 6.93555951e-01  3.31527591e-01 -9.69027206e-02]
 [ 7.02618599e-01  2.69917518e-01 -1.09577566e-01]
 [ 7.31431305e-01  5.48099995e-01 -4.21921499e-02]
 [ 7.70196199e-01  5.18880725e-01 -1.08913176e-01]
 [ 7.61271179e-01  6.17583275e-01 -1.22278459e-01]
 [ 7.43526638e-01  6.81221664e-01 -1.14557818e-01]
 [ 7.74409831e-01  5.78972697e-01 -4.79823537e-02]
 [ 8.06745529e-01  5.71520925e-01 -1.08849511e-01]
 [ 7.85076439e-01  6.58014476e-01 -9.92196351e-02]
 [ 7.62035489e-01  6.99238777e-01 -7.64310807e-02]
 [ 8.08961809e-01  6.21141613e-01 -5.67415357e-02]
 [ 8.33298922e-01  6.20676279e-01 -9.57037881e-02]
 [ 8.10022175e-01  6.82252705e-01 -8.77049863e-02]
 [ 7.86951959e-01  7.10818708e-01 -7.13462159e-02]]",0
57,"[[ 7.34102309e-01  7.99138308e-01 -7.97989586e-08]
 [ 6.91365659e-01  7.51996517e-01 -3.99843790e-02]
 [ 6.71348512e-01  6.78719699e-01 -6.49747550e-02]
 [ 6.80212557e-01  6.25447929e-01 -8.86414200e-02]
 [ 6.99711263e-01  5.85091531e-01 -1.09612539e-01]
 [ 6.81435049e-01  5.29257953e-01 -4.36133370e-02]
 [ 6.87406063e-01  4.04852152e-01 -8.39946419e-02]
 [ 7.00880647e-01  3.32288742e-01 -1.10452712e-01]
 [ 7.13418007e-01  2.70034134e-01 -1.27882153e-01]
 [ 7.28823185e-01  5.50065041e-01 -4.42807712e-02]
 [ 7.71475792e-01  5.30282676e-01 -1.09894574e-01]
 [ 7.60008037e-01  6.25356734e-01 -1.27900422e-01]
 [ 7.36934185e-01  6.82249784e-01 -1.25287756e-01]
 [ 7.71160603e-01  5.81993699e-01 -4.94660586e-02]
 [ 8.03765178e-01  5.77925861e-01 -1.09255530e-01]
 [ 7.80904114e-01  6.64362431e-01 -1.02549367e-01]
 [ 7.54322052e-01  7.05471694e-01 -8.26456174e-02]
 [ 8.03375721e-01  6.20967984e-01 -5.79193495e-02]
 [ 8.33750844e-01  6.18726134e-01 -9.56516415e-02]
 [ 8.13362837e-01  6.77498341e-01 -8.68740454e-02]
 [ 7.88933754e-01  7.06229627e-01 -6.99086487e-02]]",0
58,"[[ 7.34879076e-01  8.02023888e-01 -1.24879833e-07]
 [ 6.83816910e-01  7.56121278e-01 -3.89338993e-02]
 [ 6.63734972e-01  6.68128848e-01 -6.22936189e-02]
 [ 6.89025044e-01  5.95672727e-01 -8.46350044e-02]
 [ 7.10777104e-01  5.36773384e-01 -1.05354667e-01]
 [ 6.80046082e-01  5.30078530e-01 -4.11583073e-02]
 [ 6.87199414e-01  4.05148745e-01 -7.88096040e-02]
 [ 6.98461533e-01  3.30689907e-01 -1.02755152e-01]
 [ 7.09924459e-01  2.66830653e-01 -1.19048186e-01]
 [ 7.30744958e-01  5.49045026e-01 -4.24968153e-02]
 [ 7.53096163e-01  5.33981979e-01 -1.06470942e-01]
 [ 7.39134610e-01  6.25233710e-01 -1.21871792e-01]
 [ 7.23692775e-01  6.80791318e-01 -1.18143119e-01]
 [ 7.75360882e-01  5.82007885e-01 -4.84669581e-02]
 [ 7.86830485e-01  5.81096113e-01 -1.05781801e-01]
 [ 7.64090657e-01  6.68796301e-01 -9.44950059e-02]
 [ 7.46718764e-01  7.11166561e-01 -7.26908371e-02]
 [ 8.12219799e-01  6.23743117e-01 -5.81825003e-02]
 [ 8.18427682e-01  6.26802802e-01 -9.43700522e-02]
 [ 7.93606222e-01  6.87946677e-01 -8.41025338e-02]
 [ 7.76129901e-01  7.16079593e-01 -6.67578056e-02]]",0
59,"[[ 7.40258157e-01  8.05243731e-01 -1.46138333e-07]
 [ 6.90895140e-01  7.57789314e-01 -3.90257575e-02]
 [ 6.68615520e-01  6.69884205e-01 -6.21531270e-02]
 [ 6.90598905e-01  5.97942412e-01 -8.40174109e-02]
 [ 7.10189223e-01  5.36658585e-01 -1.03623353e-01]
 [ 6.83767080e-01  5.30467689e-01 -3.88474092e-02]
 [ 6.89077079e-01  4.08999115e-01 -7.79220760e-02]
 [ 7.02283680e-01  3.34722757e-01 -1.03241630e-01]
 [ 7.15918720e-01  2.70848662e-01 -1.20259449e-01]
 [ 7.32627690e-01  5.49198568e-01 -3.97596210e-02]
 [ 7.57252991e-01  5.31896293e-01 -1.06172986e-01]
 [ 7.46020436e-01  6.26103163e-01 -1.23107605e-01]
 [ 7.32332110e-01  6.84270144e-01 -1.18984394e-01]
 [ 7.75710344e-01  5.80247045e-01 -4.54635844e-02]
 [ 7.92535067e-01  5.80136597e-01 -1.05532289e-01]
 [ 7.69236326e-01  6.70314074e-01 -9.61995721e-02]
 [ 7.50493944e-01  7.13988364e-01 -7.41335005e-02]
 [ 8.11757684e-01  6.19561076e-01 -5.47497272e-02]
 [ 8.23227167e-01  6.22253418e-01 -9.42309126e-02]
 [ 7.98384070e-01  6.85841680e-01 -8.63138288e-02]
 [ 7.79296279e-01  7.14139581e-01 -6.95019588e-02]]",0
60,"[[ 7.38641620e-01  7.98381507e-01 -7.26976950e-08]
 [ 6.94330812e-01  7.51934648e-01 -4.34246622e-02]
 [ 6.72594368e-01  6.73602521e-01 -7.03609139e-02]
 [ 6.91569090e-01  6.08438671e-01 -9.53634754e-02]
 [ 7.19519615e-01  5.54170668e-01 -1.17651008e-01]
 [ 6.85022116e-01  5.21079302e-01 -4.42175791e-02]
 [ 6.91650808e-01  4.03664768e-01 -8.43315497e-02]
 [ 7.03320742e-01  3.32134128e-01 -1.09742187e-01]
 [ 7.17451155e-01  2.71738201e-01 -1.26808122e-01]
 [ 7.35059261e-01  5.43176889e-01 -4.42743301e-02]
 [ 7.69470036e-01  5.26480556e-01 -1.13970950e-01]
 [ 7.56066501e-01  6.22302830e-01 -1.32221043e-01]
 [ 7.38621473e-01  6.83217406e-01 -1.27836466e-01]
 [ 7.79507756e-01  5.79327047e-01 -4.92296442e-02]
 [ 8.03501964e-01  5.84232152e-01 -1.12694681e-01]
 [ 7.79096127e-01  6.70011997e-01 -1.05986074e-01]
 [ 7.57433176e-01  7.11747408e-01 -8.46785605e-02]
 [ 8.14957917e-01  6.23724818e-01 -5.77588417e-02]
 [ 8.33748460e-01  6.28352821e-01 -1.00044549e-01]
 [ 8.09299767e-01  6.88835263e-01 -9.35747549e-02]
 [ 7.86897480e-01  7.17390060e-01 -7.70865381e-02]]",0
61,"[[ 7.43166864e-01  8.00049186e-01  3.79349245e-08]
 [ 6.98256075e-01  7.65286922e-01 -5.37055768e-02]
 [ 6.68022275e-01  7.04811037e-01 -8.78200531e-02]
 [ 6.53485954e-01  6.49345934e-01 -1.17831372e-01]
 [ 6.46443427e-01  5.98321736e-01 -1.44832164e-01]
 [ 6.86810374e-01  5.32110691e-01 -6.34137392e-02]
 [ 6.95040584e-01  4.07657206e-01 -1.11564778e-01]
 [ 7.08489895e-01  3.34744424e-01 -1.40287027e-01]
 [ 7.23148644e-01  2.70472884e-01 -1.58853143e-01]
 [ 7.36832976e-01  5.45180917e-01 -5.94431050e-02]
 [ 7.74961293e-01  5.26465058e-01 -1.32467881e-01]
 [ 7.61646152e-01  6.30533040e-01 -1.48368418e-01]
 [ 7.43012607e-01  6.82037532e-01 -1.43219039e-01]
 [ 7.80722916e-01  5.73923588e-01 -6.13873303e-02]
 [ 8.15053940e-01  5.85011601e-01 -1.27927765e-01]
 [ 7.88527250e-01  6.74703538e-01 -1.18334547e-01]
 [ 7.63585091e-01  7.04983234e-01 -9.60490704e-02]
 [ 8.12900245e-01  6.13375902e-01 -6.77690879e-02]
 [ 8.43328536e-01  6.31109059e-01 -1.11130163e-01]
 [ 8.16889107e-01  6.93710446e-01 -1.03326470e-01]
 [ 7.90996492e-01  7.15067804e-01 -8.67917910e-02]]",0
62,"[[ 7.31933355e-01  7.93182135e-01 -1.54688294e-07]
 [ 6.72712624e-01  7.38072395e-01 -3.55241112e-02]
 [ 6.30997062e-01  6.41773939e-01 -5.46421334e-02]
 [ 6.08739734e-01  5.67399085e-01 -7.29555860e-02]
 [ 5.88342309e-01  5.07297873e-01 -8.95565897e-02]
 [ 6.93505466e-01  5.22547245e-01 -4.06084768e-02]
 [ 7.02011883e-01  4.02525127e-01 -7.76723549e-02]
 [ 7.13641047e-01  3.34031254e-01 -9.89746749e-02]
 [ 7.26333082e-01  2.72382110e-01 -1.13373607e-01]
 [ 7.43037581e-01  5.41833639e-01 -4.35059890e-02]
 [ 7.72815347e-01  5.34832180e-01 -1.09474614e-01]
 [ 7.54291415e-01  6.27616704e-01 -1.24231793e-01]
 [ 7.34846473e-01  6.78112507e-01 -1.19157940e-01]
 [ 7.85118520e-01  5.76985478e-01 -5.07957898e-02]
 [ 8.07434797e-01  5.93299747e-01 -1.09863050e-01]
 [ 7.79901028e-01  6.74753785e-01 -1.01560339e-01]
 [ 7.57839501e-01  7.05232143e-01 -8.13409686e-02]
 [ 8.19540799e-01  6.22368515e-01 -6.11588210e-02]
 [ 8.35805595e-01  6.42562509e-01 -9.89792123e-02]
 [ 8.06937158e-01  7.00890183e-01 -9.24309269e-02]
 [ 7.83452809e-01  7.19919443e-01 -7.77879208e-02]]",0
63,"[[ 7.31113017e-01  7.94167638e-01 -1.34307712e-07]
 [ 6.73057675e-01  7.44849145e-01 -4.21378054e-02]
 [ 6.27032459e-01  6.49194360e-01 -6.43867329e-02]
 [ 5.98566353e-01  5.74134111e-01 -8.44145566e-02]
 [ 5.73850036e-01  5.10079682e-01 -1.02136068e-01]
 [ 6.89306438e-01  5.23869693e-01 -4.39478979e-02]
 [ 6.97716415e-01  4.01671320e-01 -8.02235603e-02]
 [ 7.10288286e-01  3.32150757e-01 -1.00244857e-01]
 [ 7.22943306e-01  2.70871133e-01 -1.13481589e-01]
 [ 7.38102615e-01  5.43485999e-01 -4.33882736e-02]
 [ 7.72645950e-01  5.30093789e-01 -1.08610243e-01]
 [ 7.57468581e-01  6.24332070e-01 -1.22442447e-01]
 [ 7.37741232e-01  6.78192019e-01 -1.16123430e-01]
 [ 7.79601574e-01  5.77828169e-01 -4.78882380e-02]
 [ 8.07269573e-01  5.85266590e-01 -1.08844243e-01]
 [ 7.81939149e-01  6.66961849e-01 -1.01003669e-01]
 [ 7.59807229e-01  6.99466884e-01 -8.00103024e-02]
 [ 8.13693285e-01  6.22562528e-01 -5.56243844e-02]
 [ 8.36089492e-01  6.29711986e-01 -9.52237993e-02]
 [ 8.09742689e-01  6.89063311e-01 -8.85706246e-02]
 [ 7.85373628e-01  7.12667346e-01 -7.34035149e-02]]",0
64,"[[ 7.34324038e-01  7.96251357e-01 -1.08643498e-07]
 [ 6.74403071e-01  7.44639754e-01 -4.18388285e-02]
 [ 6.24797821e-01  6.50431991e-01 -6.44504502e-02]
 [ 5.90557635e-01  5.73683441e-01 -8.51977468e-02]
 [ 5.62580764e-01  5.11169434e-01 -1.04062848e-01]
 [ 6.88357830e-01  5.26726544e-01 -4.42605875e-02]
 [ 6.95959866e-01  4.01112676e-01 -8.23726058e-02]
 [ 7.07983792e-01  3.29835087e-01 -1.04249090e-01]
 [ 7.20511019e-01  2.67457813e-01 -1.18708052e-01]
 [ 7.36579776e-01  5.47320783e-01 -4.41841297e-02]
 [ 7.75384188e-01  5.26591361e-01 -1.12355381e-01]
 [ 7.60330796e-01  6.23809457e-01 -1.26863658e-01]
 [ 7.38747895e-01  6.81799054e-01 -1.20484352e-01]
 [ 7.78473377e-01  5.82088768e-01 -4.90795821e-02]
 [ 8.11940312e-01  5.82654178e-01 -1.12629086e-01]
 [ 7.86426485e-01  6.66950583e-01 -1.03952393e-01]
 [ 7.60711074e-01  7.04048276e-01 -8.15595463e-02]
 [ 8.10535252e-01  6.26668215e-01 -5.70888333e-02]
 [ 8.39613080e-01  6.26316428e-01 -9.84694585e-02]
 [ 8.13717127e-01  6.88450158e-01 -9.06629860e-02]
 [ 7.87324548e-01  7.16414154e-01 -7.41852298e-02]]",0
65,"[[ 7.33781636e-01  7.92709589e-01 -1.19438823e-07]
 [ 6.72480583e-01  7.41895318e-01 -4.00904715e-02]
 [ 6.21880472e-01  6.46420598e-01 -6.14304654e-02]
 [ 5.85170686e-01  5.70712388e-01 -8.15137997e-02]
 [ 5.52974045e-01  5.11780977e-01 -1.00089617e-01]
 [ 6.87292397e-01  5.24544418e-01 -4.05419618e-02]
 [ 6.95130706e-01  4.00118589e-01 -7.61000738e-02]
 [ 7.07171261e-01  3.28688264e-01 -9.62391049e-02]
 [ 7.18601525e-01  2.66621232e-01 -1.09711818e-01]
 [ 7.35423625e-01  5.45288920e-01 -4.11783941e-02]
 [ 7.73509324e-01  5.26329756e-01 -1.07363887e-01]
 [ 7.61853397e-01  6.22199774e-01 -1.21818259e-01]
 [ 7.41954684e-01  6.80626869e-01 -1.15613639e-01]
 [ 7.77080894e-01  5.79879582e-01 -4.66234237e-02]
 [ 8.09470177e-01  5.83106875e-01 -1.08034119e-01]
 [ 7.87126839e-01  6.65504813e-01 -1.00141197e-01]
 [ 7.62814641e-01  7.03534603e-01 -7.86168799e-02]
 [ 8.09911311e-01  6.24088287e-01 -5.50712012e-02]
 [ 8.37419093e-01  6.23948574e-01 -9.43556577e-02]
 [ 8.14092219e-01  6.84091449e-01 -8.67933556e-02]
 [ 7.88618922e-01  7.12341189e-01 -7.08466545e-02]]",0
66,"[[ 7.26985395e-01  7.83253491e-01 -1.23560113e-07]
 [ 6.72209799e-01  7.25782275e-01 -3.36283334e-02]
 [ 6.32994294e-01  6.20653749e-01 -5.02939001e-02]
 [ 5.98736107e-01  5.49573541e-01 -6.68108016e-02]
 [ 5.55758893e-01  5.15498877e-01 -8.27782080e-02]
 [ 6.84098184e-01  5.21424055e-01 -3.65129970e-02]
 [ 6.91760004e-01  3.98337722e-01 -7.04634264e-02]
 [ 7.04003692e-01  3.28357816e-01 -8.90511200e-02]
 [ 7.14967370e-01  2.66699553e-01 -1.01628415e-01]
 [ 7.33342886e-01  5.42748451e-01 -4.01048176e-02]
 [ 7.73010612e-01  5.24003386e-01 -1.07232504e-01]
 [ 7.61111856e-01  6.18936777e-01 -1.21705733e-01]
 [ 7.41493523e-01  6.79474056e-01 -1.14482939e-01]
 [ 7.76094258e-01  5.77206492e-01 -4.75708693e-02]
 [ 8.08636367e-01  5.83558500e-01 -1.08614393e-01]
 [ 7.84536242e-01  6.66782737e-01 -1.00878611e-01]
 [ 7.59801984e-01  7.05992401e-01 -7.87246972e-02]
 [ 8.09964240e-01  6.19406343e-01 -5.74025996e-02]
 [ 8.37262034e-01  6.23931766e-01 -9.46399346e-02]
 [ 8.13854575e-01  6.83194637e-01 -8.60741958e-02]
 [ 7.89785147e-01  7.10211277e-01 -6.95522651e-02]]",0
67,"[[ 7.41439223e-01  7.90347040e-01 -1.09792580e-07]
 [ 6.93312049e-01  7.48033822e-01 -3.87682021e-02]
 [ 6.63870871e-01  6.73187017e-01 -6.43844679e-02]
 [ 6.74992323e-01  6.17888391e-01 -8.87363479e-02]
 [ 7.04322755e-01  5.80360830e-01 -1.10769212e-01]
 [ 6.81552052e-01  5.24946690e-01 -4.57091406e-02]
 [ 6.82839334e-01  4.00730610e-01 -8.46352726e-02]
 [ 6.92939222e-01  3.28645945e-01 -1.09583080e-01]
 [ 7.03261137e-01  2.68518180e-01 -1.26468122e-01]
 [ 7.31301010e-01  5.45126140e-01 -4.76124994e-02]
 [ 7.65528202e-01  5.15991986e-01 -1.14191025e-01]
 [ 7.54794419e-01  6.10693753e-01 -1.30482718e-01]
 [ 7.35505760e-01  6.77973688e-01 -1.25637561e-01]
 [ 7.76135325e-01  5.77667475e-01 -5.35953306e-02]
 [ 8.00983906e-01  5.67915976e-01 -1.12257838e-01]
 [ 7.79800773e-01  6.50671840e-01 -1.02947533e-01]
 [ 7.57149458e-01  6.99459136e-01 -8.11287016e-02]
 [ 8.12328041e-01  6.18537188e-01 -6.28265738e-02]
 [ 8.35027993e-01  6.09326780e-01 -1.00760758e-01]
 [ 8.13423395e-01  6.67028010e-01 -9.10860375e-02]
 [ 7.90420949e-01  7.01134622e-01 -7.34352842e-02]]",0
68,"[[ 7.39630461e-01  7.91823566e-01 -1.35452424e-07]
 [ 6.89402342e-01  7.50779092e-01 -4.15244922e-02]
 [ 6.62265897e-01  6.64315820e-01 -6.59597740e-02]
 [ 6.90595448e-01  5.95647693e-01 -8.85617658e-02]
 [ 7.25725353e-01  5.45557082e-01 -1.09457061e-01]
 [ 6.79086924e-01  5.24499178e-01 -4.20096666e-02]
 [ 6.77382708e-01  4.03411746e-01 -7.97818974e-02]
 [ 6.82206273e-01  3.32249999e-01 -1.02639206e-01]
 [ 6.89722538e-01  2.69573241e-01 -1.18753523e-01]
 [ 7.31107593e-01  5.42120337e-01 -4.29844745e-02]
 [ 7.57884324e-01  5.15009463e-01 -1.07086174e-01]
 [ 7.42839634e-01  6.09298468e-01 -1.21361606e-01]
 [ 7.26381779e-01  6.62979364e-01 -1.16271295e-01]
 [ 7.76487350e-01  5.74794590e-01 -4.90463898e-02]
 [ 7.95638561e-01  5.68005919e-01 -1.08617336e-01]
 [ 7.70455718e-01  6.57972693e-01 -9.82768461e-02]
 [ 7.51025438e-01  6.95231915e-01 -7.64409453e-02]
 [ 8.13638628e-01  6.17701650e-01 -5.87498173e-02]
 [ 8.26075077e-01  6.15740299e-01 -9.85361412e-02]
 [ 8.00805092e-01  6.80502415e-01 -8.98843706e-02]
 [ 7.81467795e-01  7.06780136e-01 -7.34604746e-02]]",0
69,"[[ 7.47256756e-01  7.94584930e-01 -1.12278251e-07]
 [ 6.96328402e-01  7.54402459e-01 -4.11969945e-02]
 [ 6.66122496e-01  6.68937624e-01 -6.60246536e-02]
 [ 6.90572917e-01  5.97033501e-01 -8.89538080e-02]
 [ 7.27287292e-01  5.48296988e-01 -1.09912165e-01]
 [ 6.80885553e-01  5.32622635e-01 -4.38944921e-02]
 [ 6.77664042e-01  4.08210039e-01 -8.21335465e-02]
 [ 6.82536960e-01  3.34563196e-01 -1.05700880e-01]
 [ 6.89666390e-01  2.71436930e-01 -1.22279227e-01]
 [ 7.32125401e-01  5.50889432e-01 -4.48336676e-02]
 [ 7.61533380e-01  5.15945137e-01 -1.12098739e-01]
 [ 7.51941741e-01  6.11058354e-01 -1.27464354e-01]
 [ 7.37441480e-01  6.73752606e-01 -1.21817358e-01]
 [ 7.77725816e-01  5.81746161e-01 -5.04248552e-02]
 [ 7.99456656e-01  5.69377780e-01 -1.11798979e-01]
 [ 7.77478039e-01  6.59965515e-01 -1.01661257e-01]
 [ 7.58047998e-01  7.06020713e-01 -7.88078830e-02]
 [ 8.15227509e-01  6.21778965e-01 -5.95672131e-02]
 [ 8.28872621e-01  6.19316757e-01 -1.00384504e-01]
 [ 8.05549383e-01  6.83357239e-01 -9.24844667e-02]
 [ 7.86735237e-01  7.14230418e-01 -7.60075375e-02]]",0
70,"[[ 7.45853066e-01  7.89269090e-01 -1.54131445e-08]
 [ 6.99095547e-01  7.58760929e-01 -4.73768525e-02]
 [ 6.67029440e-01  6.95591092e-01 -7.94747099e-02]
 [ 6.64463460e-01  6.42939925e-01 -1.09054506e-01]
 [ 6.86210990e-01  5.97108960e-01 -1.35968044e-01]
 [ 6.83443010e-01  5.29025257e-01 -5.52931167e-02]
 [ 6.83727086e-01  4.04543906e-01 -9.85310078e-02]
 [ 6.91004813e-01  3.31400752e-01 -1.23263009e-01]
 [ 7.00004935e-01  2.68924117e-01 -1.39430732e-01]
 [ 7.34717965e-01  5.43525159e-01 -5.49433455e-02]
 [ 7.71818519e-01  5.19867539e-01 -1.25231743e-01]
 [ 7.62380600e-01  6.22060716e-01 -1.40485153e-01]
 [ 7.45922565e-01  6.77101791e-01 -1.34753481e-01]
 [ 7.79749632e-01  5.73233664e-01 -5.98156266e-02]
 [ 8.10128093e-01  5.75308621e-01 -1.25002623e-01]
 [ 7.88182020e-01  6.65634394e-01 -1.15806535e-01]
 [ 7.65049696e-01  7.01831281e-01 -9.35264975e-02]
 [ 8.15358102e-01  6.13689184e-01 -6.82936013e-02]
 [ 8.40604305e-01  6.18841529e-01 -1.10468604e-01]
 [ 8.18123221e-01  6.82977915e-01 -1.01643942e-01]
 [ 7.93016851e-01  7.09132731e-01 -8.42929184e-02]]",0
71,"[[ 7.39588559e-01  7.95454502e-01 -1.11460380e-07]
 [ 6.77893519e-01  7.47076869e-01 -3.40207182e-02]
 [ 6.33570194e-01  6.53499246e-01 -5.26260659e-02]
 [ 6.11722410e-01  5.79196632e-01 -7.09757432e-02]
 [ 5.91747880e-01  5.21203637e-01 -8.78258348e-02]
 [ 6.90134048e-01  5.30033052e-01 -3.98257412e-02]
 [ 6.94919169e-01  4.03455913e-01 -7.67731816e-02]
 [ 7.03431368e-01  3.31847727e-01 -9.73396003e-02]
 [ 7.12350845e-01  2.68719822e-01 -1.10961311e-01]
 [ 7.40827262e-01  5.49097717e-01 -4.42417637e-02]
 [ 7.76706517e-01  5.24233103e-01 -1.13257967e-01]
 [ 7.63736784e-01  6.20735168e-01 -1.29151225e-01]
 [ 7.44899809e-01  6.81620955e-01 -1.23415537e-01]
 [ 7.85563171e-01  5.81269920e-01 -5.25705628e-02]
 [ 8.17497849e-01  5.79483807e-01 -1.15145862e-01]
 [ 7.91525483e-01  6.67470157e-01 -1.06928200e-01]
 [ 7.66107202e-01  7.10281193e-01 -8.49869624e-02]
 [ 8.22415113e-01  6.24666929e-01 -6.34505302e-02]
 [ 8.48552167e-01  6.28782630e-01 -1.03444092e-01]
 [ 8.21622133e-01  6.90956950e-01 -9.57953557e-02]
 [ 7.95305371e-01  7.20079660e-01 -7.93732628e-02]]",0
72,"[[ 7.41345406e-01  7.98197091e-01 -1.51969701e-07]
 [ 6.79327965e-01  7.48674512e-01 -3.87154073e-02]
 [ 6.30556643e-01  6.54323459e-01 -5.95482178e-02]
 [ 6.00797474e-01  5.80507696e-01 -7.89057389e-02]
 [ 5.73703051e-01  5.19351065e-01 -9.59382653e-02]
 [ 6.91090763e-01  5.27915478e-01 -4.13681194e-02]
 [ 6.91771626e-01  4.03001785e-01 -7.72004351e-02]
 [ 6.98899567e-01  3.31006169e-01 -9.64147672e-02]
 [ 7.07341790e-01  2.68379360e-01 -1.09087661e-01]
 [ 7.41300702e-01  5.43781936e-01 -4.26673889e-02]
 [ 7.78984368e-01  5.26161671e-01 -1.09628737e-01]
 [ 7.68571436e-01  6.22558653e-01 -1.23970628e-01]
 [ 7.50442564e-01  6.84110522e-01 -1.17054902e-01]
 [ 7.84754276e-01  5.75445533e-01 -4.85963374e-02]
 [ 8.15849602e-01  5.83760500e-01 -1.09327644e-01]
 [ 7.93564081e-01  6.65798187e-01 -1.02055401e-01]
 [ 7.70530879e-01  7.04975784e-01 -8.11672509e-02]
 [ 8.20270360e-01  6.19384706e-01 -5.76292276e-02]
 [ 8.44011962e-01  6.31062567e-01 -9.67217162e-02]
 [ 8.18536639e-01  6.90836430e-01 -9.10169706e-02]
 [ 7.92497098e-01  7.18472898e-01 -7.64269680e-02]]",0
73,"[[ 7.36754060e-01  7.94700682e-01 -1.45358499e-07]
 [ 6.77219808e-01  7.48984575e-01 -4.24382910e-02]
 [ 6.28306389e-01  6.57179117e-01 -6.60833791e-02]
 [ 5.96416116e-01  5.83698809e-01 -8.77874941e-02]
 [ 5.67350149e-01  5.20758152e-01 -1.07362427e-01]
 [ 6.89515233e-01  5.31149864e-01 -4.84140851e-02]
 [ 6.90365732e-01  4.06709582e-01 -8.70366991e-02]
 [ 6.97935045e-01  3.33913445e-01 -1.08391456e-01]
 [ 7.07675219e-01  2.69944191e-01 -1.22528248e-01]
 [ 7.40301073e-01  5.47706902e-01 -4.89041023e-02]
 [ 7.81419992e-01  5.31005919e-01 -1.19319536e-01]
 [ 7.68856645e-01  6.27614737e-01 -1.34474561e-01]
 [ 7.49461412e-01  6.89240575e-01 -1.27864406e-01]
 [ 7.83905625e-01  5.80555081e-01 -5.41985817e-02]
 [ 8.18250358e-01  5.92047930e-01 -1.18189096e-01]
 [ 7.93620169e-01  6.74586892e-01 -1.10800162e-01]
 [ 7.68866181e-01  7.14031398e-01 -8.91599506e-02]
 [ 8.19157481e-01  6.24519885e-01 -6.27741516e-02]
 [ 8.46978366e-01  6.33677006e-01 -1.03671141e-01]
 [ 8.21038067e-01  6.93049788e-01 -9.76315588e-02]
 [ 7.93634236e-01  7.21422911e-01 -8.25760514e-02]]",0
74,"[[ 7.41025686e-01  7.96958983e-01 -1.49787454e-07]
 [ 6.79845452e-01  7.51558840e-01 -4.10803594e-02]
 [ 6.29580319e-01  6.57196045e-01 -6.28617033e-02]
 [ 5.97252607e-01  5.83538711e-01 -8.26328918e-02]
 [ 5.67632318e-01  5.23434758e-01 -1.00097433e-01]
 [ 6.88793778e-01  5.29934406e-01 -4.41209488e-02]
 [ 6.88733101e-01  4.05771613e-01 -7.97226056e-02]
 [ 6.95380926e-01  3.33253860e-01 -9.83294398e-02]
 [ 7.03272283e-01  2.70452112e-01 -1.10617802e-01]
 [ 7.37887740e-01  5.44907153e-01 -4.42270190e-02]
 [ 7.78697312e-01  5.28284609e-01 -1.11485958e-01]
 [ 7.67276824e-01  6.25088811e-01 -1.25250965e-01]
 [ 7.47667432e-01  6.87547565e-01 -1.17780566e-01]
 [ 7.80725539e-01  5.76293945e-01 -4.90685999e-02]
 [ 8.17297101e-01  5.85071385e-01 -1.11012667e-01]
 [ 7.93975472e-01  6.67609751e-01 -1.03613682e-01]
 [ 7.69186914e-01  7.07457960e-01 -8.22152644e-02]
 [ 8.16157281e-01  6.19886220e-01 -5.69831394e-02]
 [ 8.45873356e-01  6.27688527e-01 -9.68613327e-02]
 [ 8.20610046e-01  6.88401818e-01 -9.09878239e-02]
 [ 7.92837858e-01  7.17065811e-01 -7.61548877e-02]]",0
75,"[[ 7.51811981e-01  7.95786738e-01 -5.85117235e-08]
 [ 7.01033115e-01  7.64993846e-01 -4.63795997e-02]
 [ 6.67306006e-01  7.03086972e-01 -7.68975392e-02]
 [ 6.60420477e-01  6.50384665e-01 -1.04768567e-01]
 [ 6.64583564e-01  6.09745920e-01 -1.29750922e-01]
 [ 6.81467414e-01  5.35781443e-01 -5.41824512e-02]
 [ 6.79171503e-01  4.08972561e-01 -9.70124751e-02]
 [ 6.86148763e-01  3.36588800e-01 -1.22429170e-01]
 [ 6.95542514e-01  2.72621989e-01 -1.39323741e-01]
 [ 7.32346296e-01  5.47939420e-01 -5.26498593e-02]
 [ 7.68984914e-01  5.26723385e-01 -1.21446334e-01]
 [ 7.61712253e-01  6.27921939e-01 -1.35770872e-01]
 [ 7.46567249e-01  6.88836992e-01 -1.29875794e-01]
 [ 7.76803076e-01  5.74614823e-01 -5.62864915e-02]
 [ 8.07613552e-01  5.79177201e-01 -1.16765633e-01]
 [ 7.86389947e-01  6.65925503e-01 -1.05839543e-01]
 [ 7.63022840e-01  7.06204236e-01 -8.36186707e-02]
 [ 8.11085343e-01  6.11531019e-01 -6.40181750e-02]
 [ 8.39666605e-01  6.18993163e-01 -1.01795673e-01]
 [ 8.17250192e-01  6.81749165e-01 -9.23454463e-02]
 [ 7.92418420e-01  7.09178746e-01 -7.56492019e-02]]",0
76,"[[ 7.45662749e-01  7.93683946e-01 -1.15967254e-07]
 [ 6.92367375e-01  7.53748477e-01 -3.66593227e-02]
 [ 6.57503545e-01  6.74178064e-01 -6.15870953e-02]
 [ 6.81209385e-01  6.09124899e-01 -8.56427476e-02]
 [ 7.21572757e-01  5.69971502e-01 -1.08457737e-01]
 [ 6.75176442e-01  5.31950057e-01 -4.52043936e-02]
 [ 6.67884111e-01  4.09221649e-01 -8.31328109e-02]
 [ 6.71487093e-01  3.36475253e-01 -1.07590057e-01]
 [ 6.77577198e-01  2.74478376e-01 -1.25037149e-01]
 [ 7.27393627e-01  5.47574997e-01 -4.81574051e-02]
 [ 7.55501509e-01  5.25729299e-01 -1.11337997e-01]
 [ 7.46234655e-01  6.19829178e-01 -1.26400590e-01]
 [ 7.30078995e-01  6.77237749e-01 -1.23126365e-01]
 [ 7.74006844e-01  5.77196598e-01 -5.50605841e-02]
 [ 7.95897424e-01  5.71491420e-01 -1.12318069e-01]
 [ 7.74792492e-01  6.59415781e-01 -1.02502279e-01]
 [ 7.53127456e-01  7.03105867e-01 -8.22564736e-02]
 [ 8.12342823e-01  6.16621196e-01 -6.51506633e-02]
 [ 8.28447104e-01  6.14326477e-01 -1.03398666e-01]
 [ 8.06152701e-01  6.79254591e-01 -9.42355171e-02]
 [ 7.84813106e-01  7.12281108e-01 -7.78608546e-02]]",0
77,"[[ 7.49133468e-01  7.96464443e-01 -1.10870751e-07]
 [ 6.97216868e-01  7.58034229e-01 -4.05221209e-02]
 [ 6.63369298e-01  6.76668882e-01 -6.52318522e-02]
 [ 6.87248290e-01  6.06826305e-01 -8.82359371e-02]
 [ 7.23414958e-01  5.58598578e-01 -1.09694064e-01]
 [ 6.76346004e-01  5.31725287e-01 -4.28774729e-02]
 [ 6.67327583e-01  4.12042052e-01 -7.99110457e-02]
 [ 6.68429494e-01  3.38756055e-01 -1.03305519e-01]
 [ 6.72470868e-01  2.76608407e-01 -1.19930677e-01]
 [ 7.28053272e-01  5.50094724e-01 -4.44643870e-02]
 [ 7.54890621e-01  5.18824637e-01 -1.09381951e-01]
 [ 7.46417701e-01  6.13283634e-01 -1.24719001e-01]
 [ 7.32910454e-01  6.76233888e-01 -1.19652487e-01]
 [ 7.73838460e-01  5.83189428e-01 -5.06132580e-02]
 [ 7.94826210e-01  5.72418392e-01 -1.10816754e-01]
 [ 7.73661852e-01  6.61394536e-01 -1.01917759e-01]
 [ 7.53967345e-01  7.07906246e-01 -8.02985430e-02]
 [ 8.10688317e-01  6.26370490e-01 -6.01565614e-02]
 [ 8.25976968e-01  6.20173335e-01 -1.01140648e-01]
 [ 8.03498328e-01  6.84518337e-01 -9.33996439e-02]
 [ 7.83215225e-01  7.17887759e-01 -7.69752413e-02]]",0
78,"[[ 7.45746017e-01  7.93796360e-01 -1.05791614e-07]
 [ 6.99366212e-01  7.51202345e-01 -3.59905809e-02]
 [ 6.70146525e-01  6.72479451e-01 -5.96734695e-02]
 [ 6.87642336e-01  6.09444141e-01 -8.28907639e-02]
 [ 7.22162664e-01  5.69064260e-01 -1.04633659e-01]
 [ 6.76825404e-01  5.29906511e-01 -4.09202352e-02]
 [ 6.70117676e-01  4.09711361e-01 -7.80979618e-02]
 [ 6.72843218e-01  3.36189151e-01 -1.01801910e-01]
 [ 6.78394020e-01  2.74503767e-01 -1.18085817e-01]
 [ 7.27378309e-01  5.49418986e-01 -4.37217988e-02]
 [ 7.57568896e-01  5.23206413e-01 -1.09042756e-01]
 [ 7.49894738e-01  6.18284225e-01 -1.24881119e-01]
 [ 7.35430777e-01  6.83693647e-01 -1.20079413e-01]
 [ 7.73143649e-01  5.81488431e-01 -5.04485853e-02]
 [ 7.96501100e-01  5.74511886e-01 -1.09262623e-01]
 [ 7.76749671e-01  6.61861658e-01 -1.00872912e-01]
 [ 7.56113708e-01  7.11150169e-01 -7.97850564e-02]
 [ 8.09782267e-01  6.22636378e-01 -6.01864606e-02]
 [ 8.29947710e-01  6.17765546e-01 -9.86527354e-02]
 [ 8.09134424e-01  6.80319607e-01 -9.03391317e-02]
 [ 7.88304746e-01  7.15547085e-01 -7.36765489e-02]]",0
79,"[[ 7.44898498e-01  7.95675337e-01 -7.23062001e-08]
 [ 6.81951702e-01  7.54093289e-01 -3.43720801e-02]
 [ 6.40248656e-01  6.72964156e-01 -5.51066771e-02]
 [ 6.31590724e-01  6.08671606e-01 -7.47688487e-02]
 [ 6.31748199e-01  5.64740717e-01 -9.26725343e-02]
 [ 6.78770959e-01  5.35617411e-01 -4.53159884e-02]
 [ 6.78184748e-01  4.10692751e-01 -8.13769102e-02]
 [ 6.85908854e-01  3.37407351e-01 -1.02461055e-01]
 [ 6.92985415e-01  2.74247169e-01 -1.16709091e-01]
 [ 7.31209099e-01  5.50257206e-01 -4.84805964e-02]
 [ 7.67839909e-01  5.28086126e-01 -1.14609368e-01]
 [ 7.63602734e-01  6.24076784e-01 -1.29718572e-01]
 [ 7.48931110e-01  6.90454721e-01 -1.24434218e-01]
 [ 7.76495814e-01  5.78720987e-01 -5.50145581e-02]
 [ 8.10703337e-01  5.79386115e-01 -1.15061909e-01]
 [ 7.91918695e-01  6.66591883e-01 -1.06835298e-01]
 [ 7.68147588e-01  7.15705872e-01 -8.57113004e-02]
 [ 8.11936557e-01  6.18333399e-01 -6.41333237e-02]
 [ 8.42724442e-01  6.20786071e-01 -1.03473514e-01]
 [ 8.22295845e-01  6.83429241e-01 -9.56408307e-02]
 [ 7.97732890e-01  7.18155146e-01 -7.92960152e-02]]",0
80,"[[ 7.44173467e-01  7.98241973e-01 -1.13410010e-07]
 [ 6.77620471e-01  7.49951363e-01 -3.08160521e-02]
 [ 6.27451062e-01  6.61779642e-01 -4.85322028e-02]
 [ 5.99652648e-01  5.93086898e-01 -6.67718053e-02]
 [ 5.79658031e-01  5.37002265e-01 -8.34418684e-02]
 [ 6.86961591e-01  5.37771881e-01 -3.53718251e-02]
 [ 6.85725331e-01  4.11662072e-01 -6.92638606e-02]
 [ 6.91689670e-01  3.36300254e-01 -8.86715800e-02]
 [ 6.98850393e-01  2.73460090e-01 -1.01190552e-01]
 [ 7.35288143e-01  5.53571105e-01 -3.96362022e-02]
 [ 7.71650255e-01  5.32870293e-01 -1.04782157e-01]
 [ 7.63790369e-01  6.23730183e-01 -1.20373838e-01]
 [ 7.47394025e-01  6.90567434e-01 -1.14700496e-01]
 [ 7.78401315e-01  5.82780600e-01 -4.73806150e-02]
 [ 8.10955763e-01  5.83349228e-01 -1.05569050e-01]
 [ 7.90301621e-01  6.66267037e-01 -9.86379385e-02]
 [ 7.66428828e-01  7.16732502e-01 -7.79831484e-02]
 [ 8.13767016e-01  6.24000430e-01 -5.75279556e-02]
 [ 8.41777146e-01  6.25695884e-01 -9.40910876e-02]
 [ 8.20352018e-01  6.85505986e-01 -8.68554562e-02]
 [ 7.96442389e-01  7.21658528e-01 -7.08942264e-02]]",0
81,"[[ 7.39822268e-01  8.00217390e-01 -1.62439889e-07]
 [ 6.77649558e-01  7.55341232e-01 -3.80647480e-02]
 [ 6.26364350e-01  6.65133357e-01 -5.91452308e-02]
 [ 5.91714919e-01  5.93333900e-01 -7.90640786e-02]
 [ 5.61770558e-01  5.33241510e-01 -9.72201601e-02]
 [ 6.88218951e-01  5.39178550e-01 -4.44777571e-02]
 [ 6.87834620e-01  4.13272500e-01 -8.20535645e-02]
 [ 6.94072068e-01  3.38580430e-01 -1.02956206e-01]
 [ 7.03027606e-01  2.73663253e-01 -1.16666026e-01]
 [ 7.37752259e-01  5.55085480e-01 -4.59422432e-02]
 [ 7.75754750e-01  5.44407904e-01 -1.12562887e-01]
 [ 7.61523247e-01  6.38600528e-01 -1.26195535e-01]
 [ 7.43676066e-01  6.96275294e-01 -1.19999930e-01]
 [ 7.80444503e-01  5.87720633e-01 -5.19170538e-02]
 [ 8.13018382e-01  6.00643039e-01 -1.12680055e-01]
 [ 7.86954463e-01  6.80729508e-01 -1.04867578e-01]
 [ 7.63202369e-01  7.17734158e-01 -8.42311680e-02]
 [ 8.14359605e-01  6.30746543e-01 -6.08723462e-02]
 [ 8.41445863e-01  6.42277360e-01 -9.92529765e-02]
 [ 8.14382195e-01  7.01733649e-01 -9.25506875e-02]
 [ 7.87560821e-01  7.29365230e-01 -7.76272714e-02]]",0
82,"[[ 7.43555307e-01  7.98345923e-01 -1.43334191e-07]
 [ 6.78678215e-01  7.54423440e-01 -3.99827212e-02]
 [ 6.25976682e-01  6.65163517e-01 -6.22134879e-02]
 [ 5.90084672e-01  5.92701256e-01 -8.29721987e-02]
 [ 5.58287084e-01  5.32778323e-01 -1.01807065e-01]
 [ 6.86218917e-01  5.37758648e-01 -4.39951159e-02]
 [ 6.84911907e-01  4.14117843e-01 -8.03861395e-02]
 [ 6.90981686e-01  3.38426232e-01 -1.00726515e-01]
 [ 6.98910475e-01  2.73732781e-01 -1.13848455e-01]
 [ 7.35263169e-01  5.50033510e-01 -4.39076982e-02]
 [ 7.74697959e-01  5.42438447e-01 -1.10646740e-01]
 [ 7.64084041e-01  6.34002447e-01 -1.25200093e-01]
 [ 7.45667994e-01  6.97398186e-01 -1.18709080e-01]
 [ 7.78115690e-01  5.79366803e-01 -4.83181849e-02]
 [ 8.11385036e-01  5.97102642e-01 -1.08781777e-01]
 [ 7.89079130e-01  6.77124321e-01 -1.01774693e-01]
 [ 7.64999807e-01  7.21018851e-01 -8.08021203e-02]
 [ 8.12725842e-01  6.20557070e-01 -5.59178218e-02]
 [ 8.40611577e-01  6.33690476e-01 -9.39680859e-02]
 [ 8.17116559e-01  6.94452167e-01 -8.77063274e-02]
 [ 7.91126370e-01  7.27237046e-01 -7.25206211e-02]]",0
83,"[[ 7.43306518e-01  7.99886584e-01 -1.87563884e-07]
 [ 6.80365086e-01  7.57975578e-01 -3.43277007e-02]
 [ 6.28180683e-01  6.68938458e-01 -5.30579686e-02]
 [ 5.93554974e-01  5.99575639e-01 -7.12309927e-02]
 [ 5.62864006e-01  5.43576062e-01 -8.77270773e-02]
 [ 6.80366099e-01  5.36889374e-01 -3.80581953e-02]
 [ 6.78575218e-01  4.14518356e-01 -7.15211481e-02]
 [ 6.85124397e-01  3.41072053e-01 -8.97036940e-02]
 [ 6.92707717e-01  2.79225677e-01 -1.01599693e-01]
 [ 7.29351401e-01  5.48264861e-01 -4.03398015e-02]
 [ 7.67659307e-01  5.42664647e-01 -1.03201777e-01]
 [ 7.55416989e-01  6.35008752e-01 -1.16814576e-01]
 [ 7.35753715e-01  6.96302831e-01 -1.10550284e-01]
 [ 7.72854924e-01  5.77662230e-01 -4.67003509e-02]
 [ 8.05778503e-01  5.95200539e-01 -1.04248524e-01]
 [ 7.81917572e-01  6.74932301e-01 -9.80933458e-02]
 [ 7.57628381e-01  7.15764701e-01 -7.87442699e-02]
 [ 8.08095396e-01  6.18590415e-01 -5.56571595e-02]
 [ 8.33340228e-01  6.35885715e-01 -9.22829062e-02]
 [ 8.08352232e-01  6.97570980e-01 -8.66301656e-02]
 [ 7.82831430e-01  7.27880776e-01 -7.23797381e-02]]",0
