27.09009305872803,41.06039823315982,17.697221648906385,16.171438951508414,4.128482517225705,5.7476998430536765,124.61286598767687,37.79630559811993,11.47551839479701,137.21723230920324,42.2893240054135,55.215905564451326,137.37994668234663,35.84608470917382,62.06266949411264,1
11.642538986361776,19.04759509897096,36.25270586126281,46.41492592802373,113.6395169141345,11.622899192169918,64.12305839175134,106.64555344850315,12.678296610316494,82.96323069987186,99.06800961684246,13.621078618333613,84.0184352429496,101.51409359084,14.068895278803478,1
23.226542803335818,17.661549531643782,43.10458667302552,59.422304192429976,100.4741666120742,10.602260043425101,92.28663358358796,80.85138593319853,10.632069524418213,108.5672755090961,75.5775052617249,12.250427139012226,104.55089681439193,83.40793739316398,12.674357494636222,1
28.637075026312665,17.987642653362126,36.30530700821673,38.989680674303116,125.4605315448098,9.058622150376806,44.027739654706394,128.5981439078839,10.342254912066808,51.852489087855496,130.6397586051359,11.602855012060207,49.151841347761895,137.84017534313185,10.904325241951586,1
32.352324975939226,15.29170066062569,19.973400911845715,17.82330069944375,36.06129224387501,106.98003035178672,13.472346968286415,106.8648043376532,49.84240832834272,11.255777943998279,136.54204178802578,26.88835403325247,17.14213554781492,118.72480672065183,32.57091955725658,1
29.573936782403816,8.620504091855391,3.2044155381700485,7.2476039374428085,5.921856823540282,2.3395773793395755,3.1015400227551497,7.781742649051196,1.4826605784651887,6.286252755008574,4.0545014649511355,4.085377759687358,7.679527062332888,3.8594443310787043,6.888310930854476,1
24.099303126975126,6.064085803320236,5.8092974234412855,4.316510062431039,3.3548703858714943,2.576561835651555,1.2287637567882845,4.624755210772483,2.166141540770955,2.296059405759087,3.7642004934643998,3.4275166390599465,1.585616441928451,4.8242176308855065,5.971651349371252,1
18.049112569599618,8.689270881132092,7.5555352903596456,4.887995444813784,3.073370765923368,3.7689392717877905,2.451455012375527,4.345358622296902,2.1283827544562053,2.522896782012748,3.5203525912958264,3.558139111240489,4.386846268813909,5.270734781666171,6.013503142367234,1
14.859103244369615,9.158914783049239,5.361734943718333,5.702254569477037,3.2740271392608524,4.343035443229607,2.884717948885863,3.9614191089802904,1.8325465239457623,2.1933520597201683,3.0527007804580477,3.5435047572799068,6.932600529968671,5.307647335398432,6.292141784736347,1
16.076167072165553,9.802568100668553,14.783105452200884,9.472482469523685,5.986078679595033,2.9797679997839177,3.9325554830265426,6.164610100573514,1.234096904615788,3.137986699736924,3.0272261066398998,3.5221172075666316,11.322890262906652,7.462466929651687,6.840909349185326,1
8.548611259262849,14.411334074147224,27.41203007560896,41.89128948581943,110.46994041618117,10.26215389209106,47.29561180073775,112.6793388138126,10.300681717193191,55.22040037061877,115.63002135121012,9.570801259812386,49.27876330086944,126.41779169949879,9.39721345856499,1
22.60446741923873,16.832358751177743,44.186737290977064,77.09489355200485,79.86291897292112,9.166215682817453,120.54900200602118,49.307731117308116,9.717924759317386,135.80032668544223,45.1001393583726,11.87369617579172,138.1422495043536,45.582694389112284,12.84377646989672,1
27.973235739462737,17.810262204357397,46.19365011937134,56.55092240558422,102.66868916483871,11.084246394952816,76.82233468392667,95.19641718526218,11.442927698989877,91.35616616904576,92.56265088693952,13.115515111816656,79.15909662562326,109.48686970964883,12.868980381253891,1
28.002633611201198,16.47090768689366,46.32390640794316,59.56958335136626,99.35714378574596,10.519184239575678,78.49966170593275,93.39093843797997,11.628213406548237,93.01104669614877,90.47769766164294,13.596400308064572,86.62323753058038,101.48850692747318,13.668478453434938,1
32.57264313083926,19.70453642534051,37.764723048148326,31.274095382906886,130.72585703641465,11.739138864653698,30.142187929467116,139.3279599219,10.854737003177034,36.719772038994975,142.75429966114018,10.60252799602828,42.993624325742246,139.6966332151559,10.471707954566549,1
32.7603244932152,17.068215003852224,23.411843067311356,15.317940408276616,14.493558742563945,29.160065541701528,11.534259134091092,27.311094075147427,113.26177589719394,11.056315686640797,11.473714960938398,143.87277622672607,15.751362073633999,7.912100323835467,150.42573787040558,1
28.55724674727364,8.751723276274276,4.126892164649644,4.779310216916914,3.1985028576622536,2.411773414134075,0.9331833886775223,4.548529090736965,1.461824476273003,2.55620554261324,3.6771499949007653,2.7908963987088327,1.811647416857672,4.182255662770674,5.374870351657332,1
21.662241850216326,8.553911474982614,5.4014552553683375,4.9013523535406165,3.1194284906726923,4.239320807577321,1.6505291968108753,3.345842323723302,2.138981465125605,1.362539480757157,1.697229945226626,3.4183554672828467,2.3803318797433035,4.959177781039237,5.134926518533846,1
15.292385704266914,8.807542115683118,7.74295621429746,5.066509328785509,3.1842979598098995,4.729538417819371,2.374131343870565,3.4445381341474364,1.4807514888330122,2.145849117961671,2.5421203419720553,2.9989612265974843,5.440344125715661,5.057042783417388,5.22482752872741,1
13.957588779781203,7.82680737956029,5.607911492869698,5.565456691752249,3.5004716802040305,5.45855038885799,2.1350011888077476,4.020951705351202,1.6501650551892901,1.7100398348384986,3.3040476357544617,3.1933875241389,9.25915691003231,5.304332228245043,5.724700378853104,1
17.723837175838604,8.948828505242158,17.488676823847698,14.816249130974093,15.117353877902405,7.824662834429738,5.066543573952729,7.7723356556242305,0.6219893296635864,4.3030306894551265,4.482463698906185,2.9991331495054716,10.800264414546659,8.900012149135865,5.18819911710489,1
10.474993907003848,14.720308112822128,35.57925330623714,66.8271086044154,87.63892396552903,7.311879614909569,102.94478365439734,60.56950760805166,9.814635406589709,111.60750936969558,64.17246258860277,9.955490325813427,99.33872344509464,80.05562678187593,9.910662518511085,1
26.547905482864223,18.28614942373203,39.77539954397907,51.843799944380315,109.95001948535881,10.46415902586647,76.64097381350332,95.84101203775649,10.598347804416747,95.5548107598655,87.1836226335347,11.906731385672995,87.54090973404287,99.08096592396664,11.581512832530613,1
26.157984979309802,17.605401971010586,44.4464630072564,51.00393662346123,110.34545682924987,10.03648131153073,69.94603152515015,103.18440910117901,10.917452921572453,83.11163783074421,100.74551587347295,12.952653735132532,69.94356058811753,118.57946571317173,11.676620620665119,1
28.49992726536141,19.089473267086234,33.40308156380812,41.185756839499476,124.77730660875291,11.264932910010568,44.766133360910736,127.30581794320956,10.645625828314941,53.68893807598785,127.49176127964968,10.514869460375724,45.651839963869115,140.4019312473314,8.847356524391461,1
36.39860107995843,17.702106047481152,27.97035781637845,22.524600621120406,37.86030261708535,121.16628482444793,17.995780249924113,153.71070435441325,11.862690914870887,11.874507671812093,167.10971005560862,5.457664507943133,18.551974317913842,146.25850945839895,12.553981156684506,1
29.985234131877636,11.594553905529095,5.9906940129708754,7.2345837298929805,5.923367588504549,1.634848766450023,1.810737892679657,7.808045218264149,1.744492839126128,5.411170084710337,4.0882917867078215,3.840667595756652,6.786016089826568,4.33098222349744,5.601095148356579,1
24.59713043664014,4.431872841823261,11.741828822954227,4.20839060630571,2.70482358590454,2.688379144219901,1.911088557406871,3.5041316187396427,2.4353491697412135,1.7989732029971879,2.6049460797504658,3.752366589819217,2.6682226302585605,5.117766647195195,6.1659761823596435,1
15.61574609627269,4.446542452305808,12.263703221798146,5.2338708164936625,2.4890373068796476,3.3969227317783166,2.866841502310871,3.111406021532684,1.7667880549454473,2.6108894255420982,2.5855691687549713,3.6391139233101795,6.397312188279759,6.023681636417031,6.19487028664422,1
13.53481853622361,4.395748207927499,10.440591866604988,5.485125545948796,2.7913076446778464,4.203702623978751,3.319732759148218,3.225158350818124,1.4860342021028807,3.1987003372832783,2.7567841169662293,3.2366827340499467,9.291633662169863,6.739351405789777,6.121641791608211,1
14.427708756519454,3.9949966835716157,8.97764597264249,5.883158033888062,3.2689852471501673,2.7350286400785837,4.276758564071266,4.475274103921805,1.7966623697821837,3.205561087524309,4.215415820861257,3.262282236703872,12.565199750400401,7.812247472475341,6.314526905030121,1
19.71735023724195,9.1447947915388,20.421940849364177,19.13474759347528,49.21464869543269,80.074350535156,9.432422367216846,27.574290980136183,108.32916807340735,10.65604036873939,68.82629923273154,83.91240146929259,36.22447219337777,112.64497724601235,19.642839766736536,1
9.784448074634456,16.985288630565925,39.29828545303987,100.54845838970705,54.702305129098825,7.361757775413765,135.11000021291068,33.12911752178025,7.969871821793569,144.42381939837819,34.55513554556547,12.461896980044147,146.32823342656513,37.73856577506956,14.253814715404861,1
28.006732798838296,18.85495113857619,49.43564081546194,74.54343595483675,85.4868839068771,9.772923608663653,102.93216879967869,70.62696544957518,11.160608591646453,122.72716208726014,61.59477576873961,13.058699780150585,118.37449365899826,70.00346762547775,14.123497122443881,1
28.527943100258504,16.67667396748656,43.761085272567264,86.02535653079916,72.12790394737296,9.926512598015616,112.61116500776315,60.39314816066637,10.597284278463396,128.2194760846638,56.456431787666816,13.532007225838292,126.12068783939007,62.419447118825545,14.75513313781033,1
29.968108281317015,17.896164215319516,31.73209006336951,49.921161511442506,111.19871882512084,8.137792295256379,56.87172779703948,115.0283985651068,10.006722724663577,72.52817313479709,110.04437681976927,11.14331865899955,82.46397063827473,103.34840832531017,13.114248779683093,1
35.444394681848586,13.695605114555855,22.22090254907772,18.01315605619107,32.05063182104084,103.47809495654258,14.645149097384959,85.99566425836379,65.20609254105803,15.555081333191758,110.82065448658408,45.24300650314724,31.70794139967901,108.17216493935497,29.20525007983624,1
31.437086721096453,9.346609550606383,2.7433137475783815,6.545317657297319,4.513618602635792,2.8264055635206367,2.5068870004427866,7.702666627976015,3.1396041197307225,5.99835381675966,5.669017461681184,3.723151637528822,7.160268093647155,6.466264564797409,5.937943514093354,1
24.289278031951973,6.693190879137921,9.115882758715683,4.464495080909068,2.7875183544493627,2.375157369230931,1.2443812820228983,3.196197198002715,2.013191316393665,2.3435338299590565,2.493601712394301,3.40194497855587,1.30251896519831,5.154879990294627,5.7064042536522885,1
16.254796874939245,5.547306238777044,6.758748899631736,5.612604605071541,3.032597126200684,3.087460105367347,3.3687893067775296,3.831903504537922,1.171435949605718,2.542583695502233,3.7353052404470177,3.0168731438462495,5.798247078126328,5.470208661522995,5.574171515695258,1
14.580497315686374,7.01421939845771,8.598027393163479,5.998578427762915,3.0214327550945184,3.796757482688954,3.886043209775862,3.3389826551059087,1.2899900639384023,3.106376650318417,2.995935515769858,3.0141302138061206,6.7347841878624575,5.757332537723665,5.90168773907996,1
15.233290012700271,7.803578692014693,5.461718379109388,6.467738489021531,3.894064092689678,4.641656742157261,3.245436330896548,4.319689149424983,1.3764951137660226,1.2825140618982138,3.528964126391373,2.861188599816245,7.8251152441351834,4.924852999117808,4.918212554861713,1
16.17145136100739,9.864091222380958,23.441637589560873,20.767656115661733,42.61903086682769,93.20391890891533,8.691575641743238,14.67986108722392,122.16948156370674,7.488735147191239,7.383508624400771,155.92943408002577,11.195869611308414,2.494304038035796,166.35795188264515,1
12.031169137047861,15.995000637956291,39.4087915920699,99.26188614422213,56.59572143874375,6.868302145206108,138.76644785245009,28.034666768633816,7.389169057082333,144.97307579887655,32.607056088163425,9.882715690498033,147.04820774731303,33.26245832651186,10.081603283196172,1
26.71708242219772,21.26687319886941,40.77025794139727,52.45018147475104,109.40823010114899,10.087535632312408,72.58497097963453,100.78077643666636,10.999347405346139,89.13089324706142,94.82189778016796,12.520584874444,77.77684179784464,109.88238908635006,11.63550381472545,1
27.11233055302972,19.670936347781666,41.82584634771489,52.102571906378714,108.76671433955931,10.912422980066097,68.15045390109665,104.30137638198963,11.210100525104702,82.65517679489184,100.53433719453149,13.174366167080885,72.88167285620557,114.62245683871348,11.923899023759505,1
31.753348989012547,21.48738827182445,37.2358957896869,37.728029112469486,132.81126071768935,9.348999017425804,30.426369085422515,142.78816832553414,10.576260873612043,29.16707779910918,152.78604522567443,9.690552735322887,32.5950234161433,151.0956883869928,8.195462402065134,1
34.12766140689482,18.5149078292714,20.562431652262863,12.547267905815572,8.393040924971357,6.90271082582108,5.724031078692954,9.20827549811161,7.916544121503035,6.439232494537495,5.566489962483385,5.078283353890586,8.873584567738392,4.825609009706634,6.944954011506074,1
28.818130430772886,10.033651351039312,7.114107392099789,4.616303097950557,3.359759145043804,4.763512993039517,2.5840847224885204,4.186546906063212,3.1302349642174594,1.3816106811125295,3.221196696269922,3.4141947395679493,1.6958005140508734,4.2723456020355455,5.053909627663317,1
20.280162321857446,7.647797097062856,10.709711040247454,4.709282360898569,3.7239157418557287,4.239891353021479,1.319888727943289,3.466578474852264,1.6088271436380326,1.8703699400389284,1.855538041819929,2.9694538925810474,4.185454898258036,4.808746570463079,4.608810610268593,1
16.7196442596567,7.77068225118249,9.641776282706491,4.88898204835291,3.8062172771461587,5.1084555837036705,1.6091221510446752,3.4098388621447264,1.2932838684111587,2.1002932641764462,2.4803365164093636,2.345041647327672,5.6709841789600794,4.826463166645214,4.403547055950881,1
17.83005363648572,7.42527035779352,10.406404296618433,5.056217356513521,3.526960602437721,5.115325250379373,2.875200544114563,4.190249577937561,1.1756698328876318,1.944056781399436,3.6516377254949766,1.8855013909569178,10.624723490441271,5.485106217040415,3.58790416924465,1
16.633221685328863,10.269603633538928,17.115547396730417,16.34326543304171,18.836364072940718,13.361025182335034,6.544348458920077,8.782501601644753,4.104188834304549,5.718351272809602,8.234166686017986,1.0503445862964502,11.594521418739296,9.561168934341996,1.0928561139637596,1
18.139949379398168,16.416863161248237,33.2807946568227,101.65753733550102,56.560349732776295,4.975882446947214,138.8967598525616,27.682421582312813,6.854371550017739,143.20514094678546,34.144307843581934,8.697452918089146,147.08167927130938,31.114578167610297,9.020535294029937,1
30.981708607935992,18.167874608069393,34.617254864124206,45.59605255637375,118.01202870715791,11.69857979994175,59.13158557121566,113.92434054878886,11.61005226305754,84.69176251986559,97.57341037924154,13.424838380800836,67.10532552419834,118.94763324248804,11.648280824657531,1
24.85014946809096,15.313395069452254,39.9115936256275,54.40067210549983,106.54074221339577,10.793624351844057,74.06962986156266,97.97499323006487,11.356998740951267,94.5797163099846,88.15031892635754,13.69632901963074,80.94500149007965,106.0917997263127,12.85395474531616,1
32.383908516213545,18.917832797619262,33.107078421145104,34.001082520066774,135.0435415556523,11.2384002060755,32.33927563761366,141.39692229448272,11.071639032580917,30.708353824108936,151.33947261796698,10.196910684468035,32.64935868261841,150.49943168599398,9.061762899333972,1
36.24979890797604,16.31179202675199,6.696913619143691,13.914413305593825,12.270244448791205,27.50438984468994,10.088607495522197,18.234213043987612,112.32028560980059,9.192498512178004,9.780323761872612,80.49917263738448,12.539957352315236,2.311124438211268,35.96466164783342,1
31.377546796133846,10.215209305994149,2.483980484304047,3.92079867791124,4.865796691544134,5.515431144247681,2.123963605898695,5.659922011822084,3.19115948639335,1.2779721033783777,4.013494313809696,3.1357037938044185,2.392122055562801,3.2437217343575964,4.688660354459221,1
23.933110017613277,12.135224937852586,2.5120985804118323,5.6231529354096805,4.105027000411494,4.578619823763477,2.0441232989210665,4.043500570274665,2.385192289853596,0.46782790835470595,2.9851006894594074,3.745235804837868,7.610740312199307,4.543031254642654,5.888157889838575,1
22.363429082686412,13.217096384175615,4.845437688137248,6.326676234835648,4.609799722510093,5.858334433167916,1.6182691330545473,4.50443936293871,1.8815652055520051,1.5410579871015522,3.9008030228823696,2.510080922461822,11.125279521347867,5.049573569556987,4.770674076774673,1
21.858572923412904,13.453102913032824,12.520577626970107,17.832410860676248,28.534269307200773,32.734705085252784,5.457217440832942,9.161151925239853,5.241154942135902,4.585307188990896,8.37920408326378,1.3473602623617809,8.929713073095485,32.16421589053929,23.16623733340067,1
15.161440754952864,16.127396780931512,29.249588398717012,95.24305284698896,61.321269702034044,5.763815630104827,134.6853939829682,31.18532286795352,7.848375898510484,140.57530888339247,36.823979095414074,9.934391752858977,143.24699460410284,37.14417432126696,9.832210420228114,1
27.51849814248696,18.134430552345513,32.49439926446941,47.91074568826083,115.43674013852393,11.326737679114453,69.10501059369159,103.39326599239607,11.361438038075987,98.624131330587,83.29475976922824,12.842564735286299,94.2256460569623,90.69026398518493,11.963516499307088,1
27.054844347686057,16.387414076092355,34.02692741278997,49.01720830419599,113.66745014315948,10.37252827407336,61.21469078880166,111.65200605946123,11.654365727202654,81.63478548892226,101.03774213392042,14.37746218905555,68.46628540005396,118.60049429061267,12.595421338522579,1
40.495618618388534,19.898067558064525,27.397314887549836,24.893032480306033,141.60269936308464,13.00451191809877,21.67876633219248,149.96325573382373,10.3311349391535,16.51667949216959,165.89669633743557,8.28603517700778,24.28157163399463,158.51181243342364,7.395296892038716,1
31.511285110472272,15.61797901063581,12.301834791430993,8.68127612322606,7.586404597087767,4.600878768848527,2.115163714450434,7.648520223926601,1.5378069676142572,4.377671069284491,4.535817029672701,2.212044833901874,6.843835792760574,4.502677315726779,3.8979402584224174,1
28.962434160340926,13.088265164189156,8.73524624521878,4.256641696862526,3.166399735696375,4.84428785743163,1.4875763215245417,3.2352169238336916,2.249143351562207,2.0133408941432833,1.8059555814217723,3.356830934216992,2.1225780301516712,4.551084846355329,5.326339174926246,1
21.676449596580674,13.252718439272453,7.594159852334614,5.4155363438751225,3.7499221044788635,4.931414623962527,0.8527960805781954,3.1657970541577183,2.0640614180155312,2.5069891459165965,1.2386377848310262,3.4584498796064427,1.8893952548930968,5.046904306192408,5.026509899963535,1
18.67137962133979,14.659198562722676,11.31087957119208,5.430645290017211,4.009798272343333,5.8616541432399805,1.8708525707642902,3.4380162073572897,2.0639691409034358,1.0475848509482844,1.4058613468499417,3.0888041259397223,4.360717003304699,5.188147807177691,4.746354074844618,1
17.162579156110816,15.338070202201257,14.316431767386446,6.3465758973864626,4.043293008836653,5.9600686871627255,2.0474435032657503,3.7761816681875207,2.0292678557034924,0.864510616809065,2.3123609385295283,2.5853182044878165,6.152714625663926,5.714939609415195,4.597799158413697,1
15.66736770592903,16.915659657356482,15.865081008947808,20.289182823645742,22.455491158809373,29.852594362826988,7.0617591565117435,12.123924742639556,19.141507872460746,4.8670012125822515,9.848486109467578,25.980411679080003,6.51375569367551,15.714218833712538,134.1430856201758,1
16.38277176585637,15.673022841195024,31.763073446853305,113.3548288316482,40.917536978543794,6.721859071637173,143.18086842455892,21.31068773065663,7.256405065433378,146.07812686519966,29.512537241270365,9.128974266746226,146.12309093007906,29.991936130110126,9.853966636854633,1
26.70067083774314,17.20779399874064,33.98729051869736,56.06951107769305,106.59612675321735,9.247376692357726,91.319522708477,82.63314484619241,9.841151380003803,109.7493987041053,74.93683384494872,11.33260978868936,101.51532682545626,85.72038987214907,11.67884992426692,1
24.956397638197203,17.12033504384539,27.78289481365858,48.80223251425352,114.46634269534873,10.637455239066576,63.23362913221871,109.40193957140909,10.67873009356264,76.14160268426077,106.86137129057613,12.003076861187493,55.77252873548383,132.03019454993887,10.320086984423423,1
37.31726658285876,19.61574846439847,23.20552759082673,24.366593690990687,140.62277519923785,13.729878931606482,21.759051146034594,149.16640665261886,10.483317006440455,17.575637623156073,164.10379975648073,8.238448538862935,22.140965738126894,160.58349368853763,6.74853151657809,1
31.075452412002534,14.733909526010306,8.0066088192468,8.496866930022907,7.3167855339431105,5.137083944949686,2.8913493830671033,7.346891584102228,2.2778792772060306,3.6493719533999527,4.643851788545882,1.7784230220125419,8.180032161228267,6.130605069635966,3.448957706266342,1
26.953269101362636,14.810920608743707,7.233228435612335,4.337536113519458,3.5891124075503207,5.241267122390144,2.1171834091836406,3.418844800228709,2.7109578006239263,3.3107425860555013,1.7613261498954824,3.3909361444568815,5.758095729342902,4.870404683274142,5.056275139035872,1
21.146888516829208,14.516855434426809,11.618386163207969,5.949809207953323,3.8499184025094992,5.264832481225607,1.2742334485549447,3.2331702560001028,2.176267959147617,2.125415696861467,1.3998352503088483,3.285193813799752,1.9528635021047196,5.511148391629275,5.033795184777841,1
19.21463121716522,14.888873479507984,11.715029786431373,7.9169873404996025,3.850720049388414,4.9736745392944925,2.2258084743557864,4.067847045335672,2.1488359514966726,1.3559858469543127,2.812732881392132,2.7222815018941033,6.808366029716647,6.152476131749708,4.981210894633375,1
15.41139308242621,13.735979110750291,17.31295310331452,22.37320357366693,42.77371535857187,52.71193814217367,9.039454689267663,20.44486945811764,40.07744237503256,6.8567370380516595,66.72299484194569,92.53851737510101,10.920648866278235,126.5282759033398,52.81881699798847,1
13.984148299342504,16.046556568748976,27.67395988907173,93.65116598348894,64.73796958547354,7.806894444568971,133.67523564048884,32.79940933880114,8.144134353547694,139.67614587718157,38.37379682212885,9.6596384765313,140.78679644158558,39.58154345624926,9.574597458745597,1
25.213692974269925,17.285425615262717,29.056057423936828,43.35704116881906,121.55250317389672,11.26545978510828,62.83109871071095,110.50065504070062,11.09001759585895,77.45697626649819,105.95733503181118,11.800072968437659,60.041417237266,126.60850552169023,10.03026130660905,1
28.153727747454358,17.48664567553457,23.95581984088227,37.61945744062211,129.1164684964413,9.730461559158316,41.465824127630675,131.6787516142908,10.646065707466812,47.94307658569942,134.98478871691546,11.303568433425832,40.527505351664,148.05038684624662,10.133428265312086,1
34.48752233919633,20.18106547233836,16.923709326158555,20.417996363523095,29.575553766376867,115.71705484490033,15.093082077562833,74.98304262818668,82.48387938248779,11.277511007420195,85.68486984945743,83.30653179148703,17.719539070329947,107.0718253267394,63.58474019208462,1
34.11497331518494,16.723831583890142,2.850823718394532,7.227452736406727,6.316955546970694,5.074130750519151,2.8644496381046567,5.907862123680238,2.5473428544962387,3.2109931517502885,4.027963057545,2.4942682199409862,3.4638301358712553,4.576037985543984,4.482990315088706,1
27.269954992968806,15.851978276335652,4.831519453824417,5.551647684476538,3.8074841529573376,4.604311822367744,1.9731017746117647,3.3703483868886983,1.9277746798021649,1.4885199090049408,1.94399861686874,3.108352949517521,1.5511981075088528,4.042660073857398,5.371165492460573,1
22.593252583898884,16.19765603484796,7.030802271189185,5.9397089533561465,4.462272633520093,5.627321389391565,1.0803979864253481,3.9607557084017873,1.731690729822592,1.894722111717309,2.9841921952714188,2.8063923021190846,4.771045779251717,4.699379619542905,4.726427287468884,1
18.018182487348763,17.821775777470858,12.370364825889817,6.920535007727928,4.476954569346601,5.712212835227571,2.110760962252355,4.053459744519432,2.312749192050714,0.3142641419837532,3.493619826339513,2.344574481774685,10.305266721633192,6.228071925211544,4.885782947703086,1
14.463818293024667,17.386174797109362,18.930822885011573,20.556025475249122,55.489642940032844,73.04527117355653,7.2143637240930065,17.131101964060594,55.22897965555008,5.036399415336033,41.9405950500044,108.18349962893521,14.563034261662755,133.6717260035695,31.45720690859422,1
13.818124339448635,16.192385712907605,30.39129234658328,116.77429105964785,38.38919777347825,7.872066481667217,145.41672962480115,20.140097134838573,7.308487050922388,146.69027604134862,29.58739590643235,9.40767759046821,145.52530004417588,32.42438674270764,9.204222679017963,1
26.863908934835834,14.792657672964271,32.02483868474033,59.2686024159972,102.59426975066444,10.457913940865994,104.03346316665585,68.32173472669525,10.328234719900031,125.5149632675568,57.003947931270275,11.838580571900815,115.7348002288554,70.26880481267969,11.803451029221351,1
28.02727553544653,17.503371507953133,30.366383087439548,39.822615750399315,124.35184259591774,10.299287467798171,46.147115181845564,126.26797345603867,10.558543335866666,53.737776613740756,129.15469609850715,11.429659032768475,42.13187865541257,146.51811775899563,9.93116405781226,1
32.54690410893196,22.875742453279685,25.498806058611347,22.583334045718672,40.739963581221616,108.64532562826652,15.428229821846433,72.84382446302713,82.73818026172032,11.356679182602207,105.28425750626272,63.7981065510717,16.68407818460589,105.13597404130323,59.40133351446652,1
31.660100478593645,16.96092067550548,9.264427922284368,7.793330935304113,7.799557986183238,5.21413938462724,2.9370350652852126,7.641133083548538,2.027208280565726,3.240505308469063,4.477699857626073,2.5123723457878397,6.591920674000196,3.7872337796009043,4.344054575463364,1
27.463479623782007,15.496386418396247,12.104813539418883,6.630252156949531,3.4631425777954337,5.54038156521996,1.56408839948591,3.0737969612513436,2.6789612934103886,2.782438486881411,1.770850589409926,3.665969478397778,3.6423210616305606,4.758955207892444,5.543687087060154,1
22.819732925070465,16.197601416996665,11.32542549006947,6.55980892541271,4.18415019249102,5.869089772026266,1.5655667397918225,3.3505711847207467,2.0531151179326605,2.0540673582800117,2.1572264827864474,3.3983508430910727,1.4939743029543928,5.29561263491474,4.942030622691302,1
18.253774143442882,16.258351941575814,15.34472466445308,8.38655478429855,5.739510446643496,5.786811708368858,2.5409831117950668,4.7868733112171595,1.8654855571942186,1.7463911468285418,2.7660892179902756,1.9802076020636987,4.807476917463008,6.28132598064256,3.584801622969927,1
9.225325955112384,14.978104997262042,25.82765032492644,31.272419367818713,118.95204694116754,13.052992974006285,21.987704209737274,141.47387582067762,9.625938370849198,16.834132483571153,164.95712700854534,5.277172179121495,22.17402478949725,166.9597356995267,5.375548282913505,1
17.61563850271926,17.404581354371864,29.29023455803304,92.85686105878578,67.58277808943299,7.52778723286642,136.7700086763698,32.031172912186555,7.615760253954075,140.2849244483483,39.133026610162005,9.958571636306871,138.57957617921272,41.80205861683596,10.958694834424186,1
27.214843974766683,15.103157748878928,29.932031659605972,49.73862807584677,113.90467959306531,9.587323042282637,91.92833286802987,81.33658163826361,9.895684828604915,106.0789624663478,77.84769516114459,10.50227366890277,80.49724264764639,107.26407183512282,9.57071266600045,1
26.101724433448375,16.334035062561465,22.130312613031087,36.78211399482274,128.4142965591816,9.875449541253662,47.21450041459825,125.59422960068875,10.40500605939656,58.19208549901682,125.00987171371658,10.862671591144979,47.60799338558141,140.73267616268976,10.355581731098352,1
34.183524015242185,19.007794472663146,13.118308273221041,16.663170359138615,13.19108081404061,19.532568373132065,15.328272439173181,76.04144796783997,77.96973951925246,12.367118125757488,92.3669397435597,72.46655741776641,18.165979176089163,101.61647050710286,65.95071244022853,1
35.495892746580175,15.438675460092428,4.481090028293461,6.325944663913475,4.713311383226298,5.378631263690584,2.6776263045034545,4.6765151141857535,2.418295583951755,2.257560811916085,3.2140312624437635,2.627440960810004,2.920255278963163,4.210174618199771,5.211581731776013,1
28.03457604457196,15.775899704372993,5.040819802455125,6.035809647006451,3.069526479296562,4.487485956436613,1.9775705873572575,2.8624027286908023,2.3731134217422407,0.9781193208701363,1.4897514672526129,3.801585723804351,1.078691795148474,4.615484800275955,5.858079965390551,1
23.317581037435733,15.682014812564129,9.082606478908556,6.562390074274458,4.179514422177666,5.695691232728704,1.6300743084672211,3.569283032011699,1.995407796226131,1.3698213828399117,1.876969592268725,3.177629274057269,4.258854041258505,4.914950219138587,4.9520523697141945,1
21.42671622325821,17.114090178439685,9.63985869720887,6.796315070911924,4.268049711237074,5.630594228081451,2.1608529264031713,4.27013193622897,2.051060877614403,0.8632501766228956,3.1370699450169006,2.2699711435121865,7.986294271978532,5.283105270792932,4.139946651280406,1
20.957295282491668,16.102106870948294,13.705738477925603,16.580046809465728,17.13799763333277,11.777115583989069,5.625637758808232,8.944310848307993,4.182923087874455,3.8703198712385003,6.36302772302799,1.2889485317477702,5.42043506269495,15.796863586057448,5.3599006384431425,1
16.736907019362967,18.218409308651136,31.044979751680103,117.3763055924476,39.89033284714393,5.190279519114956,143.55090404930934,21.954174000781705,6.622352164739732,144.94833737160715,31.637420772966564,8.133036807584539,143.07945566161146,34.93749813205264,8.16306722603433,1
27.000898165100267,17.675853666114314,30.3931800432893,43.35565740238631,121.07711148664808,9.543079276321665,66.34085317204696,106.90946099607463,10.385564305937336,87.02465650318281,96.7769549058735,11.594636656971787,68.39415120097166,118.93487377269341,10.32487820770102,1
24.43135288622986,18.201744524358602,29.4863953226797,50.98665397832248,111.53103611789773,9.286686424569012,69.02118507875109,102.49596105449825,10.16355389275022,82.29708838788358,100.06024158716441,11.461810709469813,67.61248881407018,119.46248718054134,10.356868701278843,1
33.39740893759439,21.797526312638503,25.66723255810328,26.498540085923146,139.16100413171228,14.544748349887698,23.983056881196298,148.24078873000008,11.357501251747157,22.230983250972322,158.8406939808311,9.351709020499491,25.45930479852321,159.31474306537964,7.970545834498081,1
30.00177284666596,15.824925511382416,13.210844029078778,8.88992929422115,9.81626270331117,6.8452123242164795,4.376792295303234,11.36792640866374,7.4858558553185786,4.054804493271224,7.395098521877198,2.6003795398484093,7.347058437868823,7.096521508162184,4.787159351153332,1
26.497698828650893,15.495689003390874,6.926145089959642,5.339037512705979,4.0314560537624375,5.376055455360111,3.3526521900538055,4.718202902821889,2.4086129960564406,2.4898321844572875,2.541699294784574,2.7669136927217965,1.9872178306889587,4.708686032190377,4.705650441483379,1
21.944228202890503,15.295355627196697,5.918948538261761,5.069597581348086,4.07367446548602,5.466561227230608,1.443767921023615,3.310327130552165,2.050097323789704,1.7767880325735137,1.7606508243867085,3.3719980542317916,3.2412704169072497,4.5448281879245656,5.12257192397546,1
19.692301949947502,15.918149885877229,11.119460483433791,6.128905024819193,4.220328113617177,6.123797685281071,1.4202663653964378,4.112138633396022,2.099373924732077,1.5143644948596362,3.2123553916615664,2.1169935234813155,4.764573672694899,6.389015669219733,3.9735377788763637,1
15.498895535118288,15.565900833029866,17.628021829148906,8.867317071693185,6.877568326250789,5.371937299798264,3.6374759527338023,5.667169990125928,2.196526957763973,2.62638490732217,4.88412020979787,1.8624222033476074,11.3554775054437,8.671949257699675,4.0475017343300514,1
10.581864552040809,17.028167414235135,41.8625432960922,47.85375089161711,107.05168303024,11.704393692060343,25.78161331135802,135.58010482593153,14.063554416270087,41.435290426258426,132.58888801409168,11.940028050353567,35.3183615544925,146.92436833722252,7.708243576614871,1
16.481869015061065,18.007717004019376,38.25710654624311,81.54102267662776,78.37327233878142,7.925065353873675,126.8380933936735,42.48426053911694,8.524301164616684,135.56672042355103,42.98126315178941,11.181518910483847,135.0099729479329,44.13146100928609,10.953166269060418,1
25.542331039104376,17.022709266061266,39.59905083579764,48.97214370620105,113.81990353833334,10.235734680942533,69.14840515335436,103.62702304270223,10.842725354843212,87.78320455961743,95.60420429540291,12.326121164174511,66.36868487965435,121.35214993082278,10.755010677088638,1
26.797577670882198,18.19034017032764,36.069649377376074,42.83699882831879,123.10005925767531,8.907920482150034,41.987799494077194,130.5735198427517,11.394017313315544,52.05237153870857,130.05885134770492,12.692333325513282,43.38825896277999,143.70820111374854,10.399639516353913,1
38.44296857800669,19.3157466350916,27.878271790418612,19.033010299956192,26.81621875066396,115.5863027316773,13.044352519506715,39.98390541948375,113.89112269953247,10.508757515054226,21.627414144493017,143.88185594779233,17.779923608279617,28.62861272491137,137.34967222592323,1
32.64189842803167,14.586517920083478,9.09560727588019,6.339221063639499,4.612508018782231,4.402435018068458,3.0275278563816435,4.6734521575600985,1.9483657092269793,2.339119011458576,3.714643326258223,2.14265145737767,2.0344626656043743,3.3742888947042995,4.550758785604472,1
25.008362333942113,14.630905452467413,9.757664100600786,4.896052295079235,3.2698515899239458,4.321792003699482,1.9967795048773633,2.885649487887791,2.1015305418280703,1.4680933099553077,1.6760967113016831,3.3541244621622504,2.504346710842266,4.184025345531092,5.62980762706129,1
20.10159452748541,12.949409113813594,11.054265739645427,6.210927766244708,3.7679242885451676,5.456255238137059,1.8024936430363299,3.291820982682468,1.8572698263474003,1.7418476435929526,1.627851526312818,3.0993214983722464,4.348597122277485,5.463493892551547,5.392794104781645,1
17.72558446446159,14.566521379055466,14.084056585259525,6.281819793473906,3.991510931493746,5.573550594715169,2.16200897911642,3.746412228972109,2.064065555268034,0.3348941609645161,2.7055363498337606,2.5567317030255334,7.90490338230914,5.654674720914284,4.274474043735363,1
16.89373295252744,15.822611678444442,20.264850448534077,11.188217209901328,5.602316642739435,4.977979515337376,4.78620008222796,4.98313019827199,2.269277055929481,2.3756649694356042,4.925031808858983,1.4445734837894526,7.754687300673741,8.913093416375666,3.8634499051606963,1
11.80793588476992,18.109507678327155,38.573948972115616,43.60226513213964,119.20602607502674,9.204596965526262,56.34215865930658,111.43182338995071,10.87257783422502,66.99235677691394,111.24804348206662,10.05600339878439,51.4695559549991,128.60025604033285,7.632681489187365,1
23.52873053222215,13.920195573963955,52.46649666880054,44.57307336468003,115.07705045633543,10.38215879973658,79.07825936180282,91.81879829884036,10.244495141842206,96.11666809618721,85.71759169104884,11.761711588058795,91.70839476955538,93.62023068612247,11.613391925040567,1
23.233761831410362,12.969084592384672,48.048019812272315,44.07204987531472,117.00760726154436,11.05518716409904,74.15236311233785,97.53961900629956,10.78565890947196,91.31430328485733,91.61160091102333,11.649660267818492,82.6701103941787,104.15289333319959,11.789048477968835,1
29.89354873769405,14.891515881802889,31.988827088450762,28.604687033741538,136.5728697973033,12.436252611449163,28.12689201612613,143.6288532957104,10.893249498098188,30.847198970760004,150.21790337471487,10.08145397142066,29.52096346150965,155.59733158038674,8.742131492629829,1
31.5770147990202,11.405429139551073,5.516707250016525,14.308863711368742,9.843786406250782,14.265860239961524,9.201488079189161,10.008207410430412,42.37713301190839,10.023482712751562,9.101634901399693,55.458241193213546,13.948600810177886,2.226111397694986,28.520688566606925,1
28.70432521867766,6.413649327818067,11.435725418013842,5.267196694701529,3.8668649640272448,2.7783210396765807,1.2725671919873065,4.566853512786727,0.9936928908336752,3.429655902693746,2.5133788404993784,2.35125760740792,1.7862970856908926,4.7773231201765975,4.149650526616972,1
22.432068869601217,5.177137012348549,11.961832199018048,5.449749413076146,3.1242507460493325,3.640584773856991,0.9983052351571758,3.1432350265872806,1.7635265271019136,1.9160489593565377,1.3981898935005017,3.195821544683363,2.460298494485195,4.963857142496282,4.837892860072754,1
16.743813732037253,4.775472533831529,8.610079091158326,5.807445795748611,3.393577306064255,4.5660497141008225,1.4024189616694827,3.5570188636314852,1.498177481094003,1.1385280306696661,2.3093825335852003,2.451658828416585,5.498942174597181,5.478922940210385,4.5126651441201435,1
16.352586622191616,4.388325432537537,4.103100145356891,9.424947353657695,4.00661291247928,4.947462410091157,3.2522248483537997,3.852376580039163,2.065008565507661,0.7229952084823438,3.121592976926364,1.3718448149654148,6.828729495383974,7.089151598450748,3.014303697471623,1
13.277922209452917,10.898591965149889,16.29205821084929,25.77597981064792,113.3788690181162,33.192661751255585,17.865747643208845,138.5650411949053,23.14212806094335,55.082240199185044,117.31693677373745,12.799527500553491,47.428058543119846,130.50049545445452,11.630665598541293,1
13.481548727509482,15.306042685205517,34.721119333892254,46.974258637720766,114.91300126227212,10.66683193704781,60.29636936652311,109.92019725947495,10.65515594787211,75.15648725958461,106.63572280947383,11.667892405078868,65.91587227883343,122.12633710097751,10.168773723394587,1
27.155136677883583,18.11178789647556,31.60520073194675,49.22187946080322,113.8650216303385,9.589098520468267,81.03444010912597,92.88200999903955,10.868172734456428,105.9670309538176,78.46415575745343,11.993451077794198,100.92402908532272,87.35482809599904,13.001811887896752,1
25.481568164803768,17.64384545849197,28.094850659537528,44.89987643209969,118.63751619835048,9.219978741112344,53.23622634266818,119.01343460346253,10.361822702815594,67.76697411344219,114.98136608861527,11.565040919731073,57.31734476159553,131.22921661173967,10.786531833676412,1
34.14470701609875,20.018057269587846,16.6084959512427,21.86695779615427,24.042426268693283,127.15745483060843,17.196262447970103,131.77980359000983,30.423106356862867,13.346000726575381,123.48108245356686,42.53281926541806,23.147476334524992,112.57339528097539,38.997169897993295,1
34.205510937989686,10.605301567442458,3.45664000574387,7.025263685090962,6.2248548753642625,2.3072327237006003,1.8456169046826751,6.323071570802548,1.628800544385886,4.4307556132214065,4.29798245524627,3.2153066475887884,6.622011595652344,4.305946924498213,5.840342931249488,1
27.270752879734527,7.8143096923058195,8.545281833156404,6.124783400666709,3.01563862575364,4.488392549345465,1.1388592181852508,3.19633867559185,2.0125991971643558,3.651725257597591,1.733004382758129,2.9062807476025587,2.802418236926453,4.770762811002384,4.52039622552091,1
20.87738709662523,5.797431211111695,6.186507838383604,5.667655381310298,3.531255751428817,4.099690842993098,1.8030137371420751,3.22571162071228,1.3003626554832337,0.9028428431263348,2.0117881840133713,2.79302449171458,2.9513669070215296,4.893813061473091,4.350162988376108,1
18.09480457922603,4.711696067770469,5.168310041031767,6.249686151332668,3.755829067672575,4.353398164147268,1.4245102516672183,4.029953643988282,0.9256512729752769,0.6021272927775121,2.592656936774025,2.239561332023508,5.094521932438998,5.318644603437181,3.817888982063167,1
17.956840893980033,4.996581825364441,3.5395352159625886,8.577001322179667,3.3878720881270508,4.506243713000042,3.4509053405767096,3.761481153660424,1.2981269936272009,1.6497604798255088,2.6188403558533184,2.19825817948472,9.917966197673152,5.0608102470763,3.9091898859926335,1
16.196662572607824,9.425206770738848,11.79719599887993,18.3281866522659,9.262953788814068,4.755049963740561,9.457109272080942,6.651499028907188,2.3930985533891036,3.5999256628954783,6.476144451442454,1.6618820537282144,1.6302928630928164,16.376158215861537,5.007344953206026,1
13.05007166236213,14.457738346619127,30.349753036006522,63.2061559937028,95.93282015908892,9.30816918238966,107.1213533646905,60.121089930274465,9.229278987807916,119.62861376875439,59.559234269082964,9.007576381464201,120.22241503306043,62.20260853655762,7.497078945580292,1
25.121104672306917,18.838195279835524,31.605959497324246,40.263739774687004,124.38558455346602,11.493219092231634,50.14592378213824,122.86274557646264,11.61259216415818,64.01583924243553,119.20092387265423,12.316450749175344,50.7092701992054,138.40783181526893,10.023599353241838,1
23.49276918386828,17.848512676083644,32.32263922431801,39.87648808771898,125.6674281527923,10.175444098052898,49.95984204186979,123.29437809469185,10.960473751467465,58.77973049731141,125.18160299909049,11.085843360966127,49.047231805341696,139.79448146015443,9.585215431900322,1
26.06609418687611,16.38775723151323,27.769402076782537,35.35892263084523,130.41148340117482,9.582176369899154,36.46819758471376,135.59588859464864,10.875479214792422,39.644304972894574,142.53792085194308,10.605125299949272,36.09810899911769,150.1646623243413,9.685213035512326,1
